,start_date,end_date,fact,preds
0,2023-06-07,2023-06-07,"The New York City area is experiencing poor air quality due to wildfires in eastern Canadian provinces, with an air quality health advisory extended through midnight Wednesday. The advisory also covers Long Island and the Hudson Valley.","In the next 15-90 days, the air quality is likely to improve as the wildfire season in eastern Canada subsides, but the city may still experience occasional poor air quality days due to other environmental factors.;In the next 1-15 days, the air quality is likely to remain poor, with continued health risks for vulnerable populations, until the wildfires in eastern Canada are brought under control."
1,2023-06-07,2023-06-07,"New York City is under an air quality alert due to smoke from Canadian wildfires, with the Air Quality Index (AQI) reaching unhealthy levels. The AQI is expected to remain high throughout the day.","In the long term, the frequency and severity of air quality events may increase due to climate change, emphasizing the need for sustained efforts to reduce emissions and invest in clean energy.;In the short term, air quality is likely to remain poor, with continued smoke transport from Canadian wildfires. Residents should take precautions to minimize outdoor activities and wear masks when outdoors."
2,2023-06-07,2023-06-07,"The air quality index in New York City is affected by wildfire smoke, leading to the grounding of flights to LaGuardia and Newark airports.","In the long term, the frequency and severity of wildfires may continue to impact air quality in New York City, highlighting the need for proactive measures to mitigate the effects of climate change.;In the short term, air quality in New York City is likely to remain poor due to the ongoing wildfires and prevailing weather conditions."
3,2023-06-07,2023-06-07,The Daily New York City Air Quality Index is hazardous due to smoke from wildfires in Canada.,"In the long term (next 15-90 days), the air quality may improve if the wildfires in Canada are brought under control, but it is essential to remain vigilant and prepared for potential future episodes of poor air quality.;In the short term (next 1-15 days), it is likely that the air quality will remain hazardous, and residents should continue to take precautions such as staying indoors, wearing masks, and keeping indoor air clean."
4,2023-06-07,2023-06-07,"New York City's air quality turned ""hazardous"" due to wildfire smoke. The air quality index (AQI) reached 155, exceeding the 150 threshold for hazardous conditions.","In the long-term, the frequency and severity of wildfires are expected to increase due to climate change, potentially leading to more frequent hazardous air quality events in New York City.;In the short-term, the air quality is likely to remain poor until the wildfire smoke dissipates or weather patterns change. It is essential for residents to take necessary precautions, such as staying indoors and wearing masks."
5,2023-06-07,2023-06-07,"The Air Quality Index (AQI) in NYC reached ""hazardous"" levels on Wednesday, with a value of 413, which is historically high and hasn't been seen in decades. The AQI measures five major air pollutants, including fine particles, and values above 100 are considered unhealthy.","In the long term (next 15-90 days), I predict that the AQI values will return to normal levels once the wildfires are brought under control and the smoke dissipates. However, this event serves as a reminder of the importance of continued air quality monitoring and preparedness for future events that may impact air quality.;In the short term (next 1-15 days), I predict that the AQI values will remain elevated due to the ongoing wildfires and smoke transport into the NYC area. However, the exact trajectory of the AQI values will depend on wind patterns and the progression of the wildfires."
6,2023-06-07,2023-06-07,"The air quality in New York City has been affected by ""apocalyptic"" wildfire smoke, causing health risks for residents.","In the long-term, I predict that the air quality will improve once the wildfires are brought under control, but it may take several weeks (15-90 days) for the air quality to return to normal, depending on the duration and severity of the wildfires.;In the short-term, I predict that the air quality will continue to be poor due to the ongoing wildfires, and residents should expect to experience unhealthy air quality conditions for the next 1-15 days."
7,2023-06-07,2023-06-07,"The article discusses the health risks of wildfire smoke to pets, particularly those with cardiovascular and/or respiratory diseases. It provides signs of smoke or dust irritation in animals, such as coughing, difficulty breathing, and increased anxiety.","In the long-term, it is likely that pet owners will need to continue to take precautions to protect their animals from the effects of wildfire smoke, especially during periods of poor air quality.;Based on the article, it is likely that air quality levels will continue to be a concern for pet owners in the short-term, and they should remain vigilant and take necessary precautions to protect their animals."
8,2023-06-07,2023-06-07,"As of 2023 06/07, there is no specific data on the Daily New York City Air Quality Index.",NA;NA
9,2023-06-08,2023-06-08,The NYC area is currently experiencing poor air quality due to wildfire smoke.,"As the summer season progresses, the risk of wildfires and subsequent poor air quality events may increase, making it crucial for NYC to develop strategies to mitigate the impact of these events on air quality.;In the short-term, relief from the poor air quality is expected within the next few days as weather patterns shift."
10,2023-06-08,2023-06-08,"The Daily New York City Air Quality Index (AQI) level was 222 as of 8 a.m. on Thursday, indicating ""very unhealthy"" air quality, and later improved to 173 by 3 p.m., reaching ""unhealthy"" levels.","Long-term predictions suggest that the air quality will gradually improve by early next week, with a wind shift expected to ease the air quality and smoke issues, and temperatures rising into the upper 70s and low 80s by Sunday.;Short-term predictions indicate that air quality is expected to remain poor on Friday, with winds continuing to push smoke from out-of-control wildfires into the United States. However, there could be some improvements in air quality later Thursday night, and conditions will be noticeably better by Saturday."
11,2023-06-08,2023-06-08,NA,"NA 

If you provide the actual Daily News about New York City Air Quality from 2023 06/08 to 2023 06/08 published by nbcnewyork, I would be happy to assist you in filtering and summarizing the relevant information.;NA"
12,2023-06-08,2023-06-08,"New York City has been covered in a thick, hazy cloud of smoke from Canadian wildfires, leading to air quality alerts and advisories for residents to stay indoors.","In the long-term, this event may lead to increased efforts to mitigate the impact of wildfires on air quality, as well as renewed focus on addressing the root causes of environmental issues in NYC.;In the short-term, it is likely that the air quality will remain poor until the wildfires in Canada are brought under control, with continued advisories and precautions recommended for residents."
13,2023-06-08,2023-06-08,,
14,2023-06-08,2023-06-08,"New York City's air quality has been severely impacted by wildfire smoke from Quebec and Nova Scotia, causing low visibility and a ""smoky blanket"" effect. The fine particulate matter has affected not only NYC but also the Midwest and Northern Europe.","As the wildfires in Quebec and Nova Scotia continue to burn, it is possible that the air quality in NYC will remain poor for an extended period, potentially weeks or even months.;With weather systems expected to remain stagnant, it is likely that the poor air quality will persist for at least another day, and possibly longer."
15,2023-06-08,2023-06-08,"The prolonged air quality problem in NYC is due to a stalled weather pattern, specifically an ""Omega Block"", which has caused Canadian wildfire smoke to linger over the tri-state area.","If the fires continue to rage, air quality may remain a problem for weeks, but a change in wind direction could alleviate the issue.;A wind pattern shift is likely to occur over the weekend, which is expected to clear out a majority of the smoke and improve air quality to moderate levels."
16,2023-06-08,2023-06-08,"The air quality in New York City is poor due to wildfires in Canada, with the air quality index expected to persist throughout Thursday and possibly the weekend.","If the wildfires in Canada continue to burn, it's likely that the air quality in New York City will remain poor for an extended period, potentially affecting outdoor events and daily life in the city.;In the short-term, the air quality is expected to improve on Friday, but the situation remains uncertain, and a last-minute decision will be made regarding the Belmont Stakes."
17,2023-06-08,2023-06-08,,
18,2023-06-08,2023-06-08,"The air quality in New York City was affected by heavy smoke on June 8, 2023, causing hundreds of flight delays at LaGuardia Airport and nearby Newark Liberty International Airport.","In the long-term, it is predicted that the air quality in New York City will improve once the wildfires are brought under control and the smoke dissipates. However, the city's air quality may continue to be affected by other environmental factors, such as pollution and weather patterns.;In the short-term, if the smoke from the wildfires continues to affect the region, it is likely that air quality will remain poor, leading to further flight delays and potential health concerns for citizens."
19,2023-06-08,2023-06-08,"New York City ranked at the top of the list of major cities with the poorest air quality on Tuesday and Wednesday, according to IQAir.","In the long-term, the city may need to implement more comprehensive measures to address the root causes of poor air quality, such as increasing green spaces, promoting sustainable transportation, and reducing pollution from industrial sources.;In the short-term, the air quality may continue to be poor, but the distribution of free N95 masks may help reduce the impact on citizens."
20,2023-06-08,2023-06-08,"The air quality in New York City has reached hazardous levels due to wildfires in Canada, with an air quality index over 300, prompting a ""Code Red"" alert.","In the long-term, there may be a need for employers and governments to establish specific standards and guidelines for protecting workers from wildfire smoke, especially in regions that are not accustomed to dealing with this type of hazard.;In the short-term, the air quality is expected to persist into the weekend, with the laggardly weather system settling over the region. This will continue to pose a threat to outdoor workers and the general public."
21,2023-06-08,2023-06-08,"The air quality in New York City and the tri-state area remains unhealthy, despite improved visibility.","In the long term, the air quality in New York City and the tri-state area may improve as the summer months bring more frequent thunderstorms and cleaner air from the Atlantic Ocean. However, this will also depend on the continued efforts to reduce emissions and pollutants in the region.;In the short term, it is likely that the air quality will continue to be unhealthy, especially if the same weather patterns persist. However, a change in wind direction or precipitation could bring some relief."
22,2023-06-08,2023-06-08,The article does not provide specific data on the current Daily New York City Air Quality Index.,NA;NA
23,2023-06-08,2023-06-08,"New York City is under an air quality alert due to high levels of pollution, prompting a run on air purifiers.","In the long-term, if no significant changes are made to reduce pollution levels, it is probable that New York City will continue to experience poor air quality, potentially leading to increased health problems and economic burdens.;In the short-term, it is likely that air quality will remain poor due to the current weather conditions and pollution levels, prompting continued concern and precautions among residents."
24,2023-06-08,2023-06-08,"The Daily New York City Air Quality Index (AQI) reached ""hazardous"" levels on Wednesday, with an AQI level of 222 as of 8 a.m. on Thursday, due to Canadian wildfire smoke. Fine particles in the air are among the most harmful, with levels skyrocketing to nearly 900 micrograms per cubic meter of air on Wednesday afternoon.","In the long term (next 15-90 days), I predict that the Daily New York City Air Quality Index will return to average levels once the Canadian wildfire smoke dissipates and winds change direction. However, the frequency and severity of wildfires may continue to impact air quality in the region, making it essential to monitor air quality closely.;In the short term (next 1-15 days), I predict that the Daily New York City Air Quality Index will remain poor, with AQI levels staying above average due to the continued influence of Canadian wildfire smoke. There may be some improvements in air quality later on Thursday night and into Saturday, but the smoke will not be entirely gone."
25,2023-06-08,2023-06-08,"On Wednesday, New York City's air quality was the worst in the world due to smoke from over 400 wildfires burning in Canada.","In the long-term, the city may need to consider implementing measures to protect workers, such as providing masks or temporary wage support, to mitigate the impact of future air quality crises.;In the short-term, it is likely that air quality will remain poor until the wildfires in Canada are brought under control, and winds change direction."
26,2023-06-08,2023-06-08,"The air quality index is a numerical scale used to communicate the level of air pollutants in the air to the public. The index is usually categorized into several levels, such as good, moderate, unhealthy for sensitive groups, unhealthy, very unhealthy, and hazardous.",NA;NA
27,2023-06-08,2023-06-08,The air quality in New York City is currently poor due to wildfire smoke from Canada.,"NA;It is predicted that the air quality will improve in the next few days, but it is still important to check the air quality index and take necessary precautions."
28,2023-06-08,2023-06-08,"New York City has been experiencing poor air quality due to Canadian wildfires traveling downwind, with the air quality index reaching record-high levels. The secondary impact of the fire has forced many outdoor activities to be halted, including professional sports.","In the long-term, the frequency and severity of wildfires and their impact on air quality may increase due to climate change, making it essential to address the root cause of the problem.;In the short-term, the air quality is likely to remain poor until the wildfires in Canada are brought under control and the winds change direction."
29,2023-06-09,2023-06-09,"New York City's air quality has improved, but it remains unhealthy. The air quality index (AQI) is still above 100, indicating unhealthy conditions for sensitive groups.","If the city does not take measures to mitigate the pollution, it is possible that the air quality will continue to be unhealthy for an extended period, potentially leading to long-term health effects for residents.;In the short-term, it is likely that the air quality will continue to fluctuate, but remain unhealthy, especially if the underlying source of pollution is not addressed."
30,2023-06-09,2023-06-09,"The air quality alert for New York City was suspended on Friday afternoon, and the air quality index (AQI) dropped below 50, indicating normal levels. The AQI had reached ""hazardous"" levels earlier in the week, but improved significantly by Friday.","In the long-term, the air quality is expected to remain relatively good, with temperatures rising into the upper 70s and low 80s over the weekend. However, dry conditions are expected to persist, and late Monday is predicted to be the best chance for meaningful rainfall to help ease dry conditions.;In the short-term, conditions are expected to improve further, with a wind shift expected on Saturday, which will help ease air quality and smoke issues. Scattered showers are also predicted for the afternoon and early evening."
31,2023-06-09,2023-06-09,"The air quality index in New York City reached unhealthy levels on June 9, 2023, due to smoke from Canadian wildfires.","In the long term, it is likely that NYC air quality will be influenced by climate change, potentially leading to more frequent and severe air quality events.;In the short term, the air quality index may continue to fluctuate depending on the trajectory of the Canadian wildfires and wind patterns."
32,2023-06-09,2023-06-09,"The air quality in New York City improved significantly on Friday, allowing live racing to resume at Belmont Park. The New York Racing Association (NYRA) will continue to monitor air quality conditions and forecasts to ensure a safe environment for racing participants and fans.","However, the long-term air quality index (next 15-90 days) is harder to predict, as it depends on various factors such as weather patterns and potential wildfires. It is essential to continue monitoring air quality conditions and forecasts to ensure a safe environment.;Based on the current trend, it is likely that the air quality index will remain relatively low in the short term (next 1-15 days), allowing for safe outdoor activities like the Belmont Stakes."
33,2023-06-09,2023-06-09,,
34,2023-06-09,2023-06-09,"The air quality index in New York City has improved, allowing major events to proceed as scheduled.","If the current conditions persist, it is possible that the air quality index will continue to improve over the next 15-90 days, potentially leading to a sustained period of good air quality in New York City. 

Note: Since the provided excerpt is brief and lacks specific data, the analysis and predictions are limited. If more information were available, a more detailed and accurate assessment could be made.;With the current trend, it is likely that the air quality index will remain at a moderate or good level for the next 1-15 days, unless there are significant changes in weather patterns or pollution sources."
35,2023-06-09,2023-06-09,NA,"NA 

Please provide the correct content related to the Daily New York City Air Quality Index, and I'll be happy to assist you.;NA"
36,2023-06-09,2023-06-09,NA,"NA 

Please provide the correct excerpt related to New York City Air Quality Index, and I'll be happy to assist you.;NA"
37,2023-06-09,2023-06-09,NA,"NA 

If you provide the actual excerpt from the Daily News about New York City Air Quality, I'll be happy to help you with the task.;NA"
38,2023-06-27,2023-06-27,"New York City's air quality is expected to worsen again this week due to wildfire smoke. The city's air quality index has been fluctuating between ""good"" and ""unhealthy for sensitive groups"" in recent days.","In the long term, the air quality index is expected to improve once the wildfires are brought under control and the smoke dissipates. However, the summer season may bring additional air quality challenges, such as heatwaves and ozone pollution, which could impact air quality in the next 15-90 days.;In the short term, the air quality index is likely to remain ""unhealthy for sensitive groups"" or worse due to the continued impact of wildfire smoke. This may persist for the next 1-5 days, depending on wind patterns and wildfire activity."
39,2023-06-27,2023-06-27,"The air quality in parts of the US, including Illinois, lower Michigan, and southern Wisconsin, has been categorized as ""very unhealthy"" due to drifting smoke from Canadian wildfires.","In the long-term, the frequency and severity of wildfires and poor air quality events are likely to increase due to climate change, making it essential for individuals and governments to take proactive measures to mitigate the impacts.;In the short-term, the air quality is expected to remain poor, with a north wind pushing the smoke further south into Illinois, Indiana, and Kentucky. However, a cold front is expected to bring cleaner air to Minnesota by early Thursday."
40,2023-06-27,2023-06-27,"Air quality in New York City is expected to reach dangerous levels due to wildfire smoke from Canada, with the air quality index (AQI) predicted to be moderate, ranging from 51-100, and potentially exceeding 150.","In the long-term, the frequency and severity of wildfires are likely to increase due to climate change, which will continue to impact air quality in New York City and surrounding areas.;In the short-term, the air quality is expected to remain poor, with the AQI potentially exceeding 150, and New Yorkers should take precautions to minimize their exposure to the smoke."
41,2023-06-27,2023-06-27,"The article discusses the health risks of wildfire smoke on pets, particularly those with cardiovascular and/or respiratory diseases. It highlights the importance of pet owners being vigilant and watching for signs of smoke or dust irritation, such as coughing, difficulty breathing, and eye irritation.","In the long-term, it is likely that pet owners will need to develop strategies to mitigate the effects of poor air quality on their animals, such as creating a safe indoor environment and providing necessary medical care.;In the short-term, it is likely that pet owners will need to continue taking precautions to protect their animals from poor air quality levels, especially if wildfire smoke persists in the area."
42,2023-06-27,2023-06-27,"New York City's air quality is expected to worsen this week, with ozone levels potentially reaching unhealthy levels for sensitive groups. The air quality index is forecasted to be in the ""moderate"" to ""unhealthy for sensitive groups"" range.","In the long term, if weather patterns and temperature trends continue, it is possible that air quality will remain a concern for the next 15-90 days, potentially leading to more frequent air quality alerts and advisories.;In the short term, it is likely that air quality will continue to deteriorate, reaching unhealthy levels for sensitive groups, especially during peak sun hours. Residents should be prepared for poor air quality conditions over the next 1-15 days."
43,2023-06-28,2023-06-28,,
44,2023-06-28,2023-06-28,"New York and New Jersey have issued an air quality advisory due to Canadian wildfire smoke, with worse conditions in western New Jersey and western and central New York. The AirNow.gov site tracks air quality across the country, with numbers showing how clean or polluted the air is.","In the long term (next 15-90 days), air quality is expected to improve once the wildfires are extinguished or the wind patterns shift, but the region may continue to experience periodic episodes of poor air quality due to the ongoing wildfire season.;In the short term (next 1-15 days), air quality is likely to remain poor unless there is a significant change in wind patterns or the wildfires are brought under control."
45,2023-06-29,2023-06-29,"An air quality alert was issued for all of New York and New Jersey on June 29, 2023. This alert was triggered due to high levels of ozone and fine particulate matter (PM2.5) in the air.","In the long-term, the air quality in New York City may improve as the summer season progresses, with increased precipitation and changing weather patterns potentially reducing ozone and PM2.5 levels.;In the short-term, it is likely that the air quality will remain poor due to the prevailing weather conditions, with little to no precipitation forecasted in the next 1-15 days."
46,2023-07-02,2023-07-02,"The current air quality in New York City is not explicitly mentioned in the article. However, it is mentioned that smoke from Canadian wildfires has affected air quality in the Great Lakes region, including Chicago, and has moved into parts of West Virginia, Illinois, Indiana, and Ohio.","In the long term, the situation is likely to persist until the fires are brought under control. The article suggests that the warming planet will produce hotter and longer heat waves, making for bigger, smokier fires, which could lead to continued air quality concerns.;In the short term, air quality is expected to remain a concern, especially if the winds continue to carry smoke from the Canadian wildfires into the region. However, there is a possibility of improvement in air quality in Chicago heading into the weekend."
47,2023-06-30,2023-06-30,"New York City pools opened on June 30, 2023, despite an air quality alert being issued for the city. The air quality index (AQI) reached unhealthy levels for sensitive groups, prompting the alert.","In the long term, the city's efforts to reduce pollution and improve air quality will be crucial in preventing frequent air quality alerts and protecting public health.;In the short term, the air quality is likely to remain unhealthy for sensitive groups, and residents should take precautions such as avoiding outdoor activities and wearing masks."
48,2023-06-30,2023-06-30,The New York City area is under an air quality alert due to Canadian wildfires. The air quality index is expected to reach unhealthy levels for sensitive groups.,"In the long-term, NYC's air quality may continue to be affected by increased frequency and severity of wildfires due to climate change, highlighting the need for proactive measures to mitigate the impact of such events.;In the short-term, the air quality index is likely to remain unhealthy for sensitive groups until the Canadian wildfires are brought under control or weather patterns change."
49,2023-06-30,2023-06-30,,
50,2023-07-01,2023-07-01,"The Air Quality Index (AQI) in New York City reached above 150 on Friday due to the wildfires in Canada, making it the unhealthiest air of the week across the state.","In the long-term, it is likely that the air quality will return to normal once the wildfires in Canada are extinguished, but it is difficult to predict the impact of climate change on future air quality and bug swarms in NYC.;In the short-term, the bad air quality is expected to continue until the wildfires in Canada are brought under control, and the swarm of winged aphids is predicted to last only a few days or a week."
51,2023-06-30,2023-06-30,"New York City's air quality has been a concern, with high levels of ozone and particulate matter reported in recent days.","In the next 15-90 days, I predict that the air quality in New York City may improve slightly as the summer heat wave subsides, but it will still be affected by the ongoing environmental and human factors, and may require sustained efforts to mitigate the impact of pollution on air quality.;In the next 1-15 days, I predict that the air quality in New York City will remain poor, especially during hot and sunny days, unless there is a significant reduction in pollutant emissions or a change in weather patterns."
52,2023-07-12,2023-07-12,"The NYC City Council held a hearing on the Adams administration's response to air quality, indicating ongoing concerns about air quality in the city.","In the long-term, the city may see improvements in air quality through sustained efforts to reduce emissions, increase clean energy, and implement policies that promote sustainable development. 

Note: Since the provided excerpt is brief and lacks specific data on air quality indices, the predictions and analysis are based on the context of the City Council hearing and general knowledge of air quality issues in urban areas.;In the short-term, it is likely that the administration will take steps to improve air quality, potentially through increased monitoring, enforcement of regulations, and education campaigns."
53,2023-07-12,2023-07-12,"An air quality health advisory has been issued for New York City and the surrounding area due to high levels of ozone, with an Air Quality Index (AQI) value expected to exceed 100.","As the summer heat continues, it is likely that ozone levels will remain high, leading to more frequent air quality advisories. However, the situation may improve if temperatures decrease or if there is a change in weather patterns.;Based on the forecast, it is likely that air quality advisories will continue for the next few days, especially in the afternoon and early evening when ozone levels are peaking."
54,2023-07-12,2023-07-12,"The NYC Council is investigating Mayor Eric Adams' response to the city's air quality issues, citing concerns over the administration's handling of the problem.","In the long term, the investigation and subsequent actions may lead to more comprehensive and sustainable solutions to address air quality issues in New York City, such as policy changes or infrastructure investments.;In the short term, it is likely that air quality will remain a concern, and the city may implement measures to mitigate its effects, such as increasing public awareness or implementing temporary pollution-reducing measures."
55,2023-07-17,2023-07-17,"The Air Quality Index (AQI) in New York City reached 147, falling just below the ""hazardous"" level of 150-200, which is unhealthy for all populations. An air quality alert was issued for the entire state, with AQI levels expected to reach ""unhealthy"" levels for Upstate areas and ""unhealthy for sensitive groups"" for areas closer to NYC.","The wildfires in Western Canada are expected to continue until they are brought under control by natural means, such as rain. Until then, the air quality in New York City may continue to be impacted by the smoke.;The air quality alert is expected to continue until Tuesday, with forecasts showing the smoke slowly clearing out of the state. However, it's possible the air quality alerts may extend if the smoke or ozone levels rise to similar levels."
56,2023-07-17,2023-07-17,,
57,2023-07-17,2023-07-17,New York City is under an air quality alert due to the return of wildfire smoke. The air quality index is expected to reach unhealthy levels for sensitive groups.,"In the long term, the frequency and severity of air quality alerts in NYC may increase if wildfires and heatwaves continue to intensify due to climate change, leading to more prolonged periods of poor air quality.;In the short term, it is likely that the air quality index will remain unhealthy for sensitive groups, with potential fluctuations in air quality depending on wind patterns and wildfire activity."
58,2023-08-24,2023-08-24,"The air quality in New York City was severely affected by the Canadian wildfires, leading to a spike in asthma-related emergency room visits. The U.S. Centers for Disease Control and Prevention published two studies showing a 17% increase in asthma-associated ER visits nationally and a 46% increase in New York and New Jersey during the 19 days of wildfire smoke.","In the long-term, it is possible that the frequency and severity of wildfires will increase due to climate change, leading to more frequent and prolonged periods of poor air quality in New York City. This could have significant implications for public health, particularly for people with asthma.;In the short-term, it is likely that the air quality in New York City will continue to improve as the wildfire smoke dissipates. However, people with asthma should remain cautious and take necessary precautions to manage their symptoms."
59,2023-09-06,2023-09-06,"The Environmental Protection Agency (EPA) is delaying plans to tighten air quality standards for ground-level ozone, also known as smog, despite a recommendation by a scientific advisory panel to lower air pollution limits to protect public health. The review, which will last at least two years, will ""ensure that air quality standards reflect the latest science in order to best protect people from pollution.""","In the long-term, the EPA's decision to delay updating the ozone standard may lead to a prolonged period of poor air quality, potentially lasting years, until a new standard is implemented. This could have significant impacts on public health, particularly in vulnerable communities.;In the short-term, the air quality in New York City is likely to remain unchanged, with no new regulations or standards being implemented to reduce ozone pollution. This may lead to continued poor air quality, particularly in urban areas."
60,2023-09-22,2023-09-22,NA,"NA 

However, if you would like me to analyze the air quality situation in the Bay Area, I can provide the following output:;NA"
61,2023-10-03,2023-10-03,"The New York City area is experiencing poor air quality due to smoke from Canadian wildfires, but it's expected to be less severe than the hazardous levels reached over the summer.","In the long-term, it's difficult to predict air quality, but the return of rain by Thursday and cooler temperatures by the start of next week may help to improve air quality.;In the short-term, air quality is expected to remain moderate, with possible impacts from smoke and haze until Wednesday. Temperatures will be above normal, but will return to normal by Thursday."
62,2023-10-02,2023-10-02,,
63,2023-10-02,2023-10-02,,
64,2023-10-03,2023-10-03,,
65,2023-10-03,2023-10-03,,
66,2021-05-15,2021-05-15,"The DEC directed PVS Chemical Solutions, Inc. to temporarily cease operations at its Buffalo facility due to exceedances of emissions of Sulfur Dioxide (SO2) that pose a public health risk.","In the long-term, the facility will need to implement measures to reduce SO2 emissions and demonstrate its ability to operate without posing a threat to public health before it can resume operations. This may involve altering operations or scaling back production. 

Note: The provided excerpt does not directly mention the Daily New York City Air Quality Index, but it does discuss air quality issues related to SO2 emissions in Buffalo, NY. The information may not be directly applicable to predicting the Daily New York City Air Quality Index.;In the short-term, it is likely that the air quality in the surrounding area will improve due to the shutdown of the facility, reducing the risk of SO2 exposure to the public."
67,2021-12-20,2021-12-20,The State of New York has applauded the EPA's announcement on new greenhouse gas emissions standards for passenger cars and light trucks.,NA;NA
68,2022-02-15,2022-02-15,"The DEC has ordered the Norlite facility in Cohoes to cease and desist from activities resulting in off-site dust impacts, as documented in a comprehensive analysis of fugitive dust monitoring.","In the long-term, continued monitoring and enforcement by the DEC will be necessary to ensure that the Norlite facility complies with air pollution control regulations and permit conditions, which will help to maintain improved air quality in the area. 

Note: Since the report does not provide specific data on the Daily New York City Air Quality Index, the predictions are focused on the local area around the Norlite facility in Cohoes.;In the short-term, it is likely that air quality in the Cohoes area will improve as the Norlite facility takes corrective actions to contain dust sources and prevent off-site dust impacts."
69,2022-03-08,2022-03-08,The proposed new federal greenhouse gas standards for heavy-duty vehicles align with Governor Hochul's agenda and New York's Climate Act.,"In the long-term, the implementation of stricter emissions standards could lead to a reduction in air pollutants and an improvement in the Daily New York City Air Quality Index.;In the short-term, it is likely that there will be no immediate significant changes to the Daily New York City Air Quality Index, as the proposed standards will take time to be implemented."
70,2022-03-10,2022-03-10,The U.S. Environmental Protection Agency has announced $17 million in rebates to fund clean school buses that reduce diesel emissions and protect children's health.,"In the long-term, with the goal of a zero-emission school bus fleet by 2035, it is likely that air quality will continue to improve as more buses are replaced with cleaner alternatives.;In the short-term, it is likely that air quality will improve as schools and bus fleet owners begin to transition to cleaner transportation options."
71,2022-03-11,2022-03-11,"The New York State Department of Environmental Conservation is supportive of the U.S. EPA's ""good neighbor"" plan for air pollution, which aims to reduce pollution being transported into New York from other states.",NA;NA
72,2022-04-13,2022-04-13,"The Daily New York City Air Quality Index is not directly mentioned in the provided excerpt. However, it is mentioned that there was a release of approximately 22,057 pounds of styrene vapor to the environment from the SABIC plastics manufacturing facility in Selkirk, NY, which threatened public health and safety.","In the long term, the required facility improvements and new operating procedures and employee training protocols at the SABIC facility may lead to reduced air pollution emissions and improved air quality in the region. However, without more information on the broader air quality trends and conditions in New York City, it is difficult to make a specific prediction about the Daily New York City Air Quality Index. NA;Based on this incident, it is possible that there may be increased scrutiny and enforcement actions against companies in the region, which could lead to improved air quality in the short term. However, without more specific data on current air quality conditions, it is difficult to make a prediction about the Daily New York City Air Quality Index. NA"
73,2022-04-21,2022-04-21,"The New York State Department of Environmental Conservation (DEC) is conducting a statewide enforcement detail to inspect trucks for compliance with air regulations, particularly in disadvantaged communities impacted by pollution.",NA;NA
74,2022-04-21,2022-04-21,The New York State Department of Environmental Conservation (DEC) is conducting a week-long truck enforcement detail in disadvantaged communities across the State to protect public health and the environment by inspecting diesel vehicles to ensure compliance with the State's stringent air regulations.,"In the long-term, the transition to electric vehicles and the implementation of the Climate Leadership and Community Protection Act are expected to significantly reduce greenhouse gas emissions and air pollution, leading to improved air quality and environmental justice.;In the short-term, the enforcement blitz is likely to reduce emissions of fine particulate matter in disadvantaged communities, leading to improved air quality."
75,2022-05-02,2022-05-02,NA (No information about Daily New York City Air Quality Index is provided in this excerpt),"NA (No predictions can be made for the long-term future of Daily New York City Air Quality Index based on this excerpt)

This excerpt is primarily about the New York State's Climate Leadership and Community Protection Act and the public hearings on draft disadvantaged communities criteria, with no mention of Daily New York City Air Quality Index.;NA (No predictions can be made for the short-term future of Daily New York City Air Quality Index based on this excerpt)"
76,2022-05-18,2022-05-18,"The New York State Department of Environmental Conservation (DEC) has announced draft regulations to reduce waste sent to landfills, improve waste management, and reduce solid waste's climate change impacts.","With the implementation of these draft regulations, it is likely that air quality in New York City will improve in the long term as waste reduction and recycling efforts increase.;NA"
77,2022-05-20,2022-05-20,New York State has launched a 'Lights Out' initiative to protect migrating birds by reducing excessive outdoor lighting on state-owned and managed buildings.,"In the long-term, the initiative is likely to contribute to a decrease in bird fatalities and promote a culture of sustainability and environmental stewardship in New York State.;In the short-term, the 'Lights Out' initiative is expected to reduce bird collisions and fatalities during the spring migration period, which is currently underway."
78,2022-05-20,2022-05-20,"The Air Quality Health Advisory was issued for Long Island and New York City Metro regions for Saturday, May 21, 2022, due to high ozone levels. The advisory is in effect from 11 a.m. to 11 p.m.","In the long-term future (next 15-90 days), the frequency and duration of Air Quality Health Advisories may increase due to the ongoing summer season, which can lead to more frequent ground-level ozone formation.;Based on the advisory, it is likely that ozone levels will remain high in the short-term future (next 1-15 days) during summer heat, especially in the afternoon to early evening."
79,2022-06-24,2022-06-24,"The Air Quality Health Advisory was issued for the New York City Metro region on Saturday, June 25, 2022, due to high ozone levels, with an AQI value expected to exceed 100. The advisory was in effect from 11 a.m. to 11 p.m.","As the summer season continues, it is possible that more Air Quality Health Advisories will be issued for the New York City Metro region, especially during heatwaves.;Based on the current advisory, it is likely that ozone levels will remain high in the short-term future, especially during hot summer days."
80,2022-06-29,2022-06-29,"An Air Quality Health Advisory was issued for the Long Island region on Thursday, June 30, 2022, due to high ozone levels. The advisory is in effect from 11 a.m. to 11 p.m.","In the long term (next 15-90 days), I predict that ozone levels will remain a concern during the summer months. However, as the weather cools down, ozone levels are likely to decrease.;For the next 1-15 days, I predict that ozone levels will continue to be high, especially during hot summer days. It is likely that more Air Quality Health Advisories will be issued for the Long Island region."
81,2022-06-30,2022-06-30,There is no objective fact about the Daily New York City Air Quality Index situation in this excerpt.,NA;NA
82,2022-07-01,2022-07-01,"The Air Quality Health Advisory was issued for Western New York and New York City Metro regions on Friday, July 1, 2022, due to high ozone levels, with an AQI value expected to exceed 100. The advisory was in effect from 11 a.m. to 11 p.m.","In the long-term, the air quality in Western New York and New York City Metro regions may improve if measures are taken to reduce automobile exhaust and out-of-state emission sources, such as increasing the use of public transportation and promoting energy-saving practices.;In the short-term, it is likely that ozone levels will remain high during the summer heat, and residents should continue to take precautions to minimize their exposure."
83,2022-07-12,2022-07-12,"On July 13, 2022, an Air Quality Health Advisory was issued for the Long Island region, with ozone as the pollutant of concern, and an expected AQI value exceeding 100. The advisory was in effect from 11 a.m. to 11 p.m.","In the long-term future (next 15-90 days), it is likely that ozone levels will remain a concern during the summer months, but may decrease as the weather cools down. Implementing energy-saving and pollution-reducing measures, such as reducing automobile travel and using public transportation, can help minimize ozone levels.;In the short-term future (next 1-15 days), it is likely that ozone levels will continue to be high in the Long Island region, especially during hot summer days, and may lead to additional Air Quality Health Advisories."
84,2022-07-14,2022-07-14,"An Air Quality Health Advisory was issued for the Long Island region on Thursday, July 14, 2022, due to high ozone levels. The advisory was in effect from 11 a.m. to 11 p.m.","In the long-term (next 15-90 days), the air quality in the Long Island region may improve as the summer heat subsides, but it is still likely to be affected by automobile exhaust and out-of-state emission sources.;In the short-term (next 1-15 days), it is likely that the air quality in the Long Island region will continue to be affected by high ozone levels, especially during hot summer days."
85,2022-07-19,2022-07-19,"An Air Quality Health Advisory was issued for the Long Island and New York City Metro regions for Wednesday, July 20, 2022, due to high ozone levels. The advisory will be in effect from 11 a.m. to 11 p.m.","In the long term (next 15-90 days), the ozone levels may decrease as the summer heat subsides, but it is still important to take energy-saving and pollution-reducing steps to minimize ozone formation.;In the short term (next 1-15 days), it is likely that ozone levels will remain high during hot summer days, especially in the afternoon and early evening."
86,2022-07-21,2022-07-21,"An Air Quality Health Advisory was issued for the Long Island and New York City Metro regions for Friday, July 22, 2022, due to high ozone levels. The advisory will be in effect from 11 a.m. to 11 p.m.","In the long-term, it is possible that ozone levels will continue to be a concern during the summer months, especially on hot days, and continued efforts to reduce emissions and promote energy-saving habits will be necessary to mitigate the issue.;In the short-term, it is likely that ozone levels will decrease at night, and taking measures such as reducing automobile travel and using public transportation can minimize exposure."
87,2022-07-22,2022-07-22,"The Air Quality Health Advisory was issued for Long Island and New York City Metro regions on July 23, 2022, due to high ozone levels. The advisory was in effect from 11 a.m. to 11 p.m.","In the long-term future (next 15-90 days), it is likely that air quality will improve as the summer heat subsides, but continued efforts to reduce automobile travel and promote public transportation will be necessary to minimize ozone levels.;In the short-term future (next 1-15 days), it is likely that air quality will continue to be a concern, especially during hot summer days, and advisories may be issued again."
88,2022-07-22,2022-07-22,"On Sunday, July 24, 2022, an Air Quality Health Advisory was issued for the New York City Metro and Lower Hudson Valley regions due to high ozone levels. The advisory will be in effect from 11 a.m. to 11 p.m.","In the long-term, the frequency and duration of air quality health advisories may increase during the summer months due to heat and humidity, which can lead to the formation of ground-level ozone.;In the short-term, it is likely that ozone levels will remain high in the afternoons and early evenings, and may decrease at night. Taking precautions such as limiting outdoor activities and using public transportation can help reduce exposure."
89,2022-08-02,2022-08-02,"An Air Quality Health Advisory was issued for the Long Island Region of New York State for Tuesday, August 2, 2022, due to high ozone levels. The advisory is in effect from 11 a.m. to 11 p.m.","In the long-term, ozone levels may decrease with the end of the summer heat, but will likely remain a concern in the northeast due to automobile exhaust and out-of-state emission sources.;In the short-term, ozone levels are likely to remain high on Tuesday, August 2, 2022, and may decrease at night."
90,2022-08-03,2022-08-03,"An Air Quality Health Advisory was issued for the New York City Metro and Lower Hudson Valley regions for August 4, 2022, due to high ozone levels. The advisory was in effect from 11 a.m. to 11 p.m.","In the long-term, ozone levels may decrease as temperatures cool down, but continued high temperatures and automobile emissions may lead to further advisories.;In the short-term, ozone levels are likely to remain high during the afternoon to early evening, especially in areas with high automobile traffic."
91,2022-08-05,2022-08-05,"The New York State Department of Environmental Conservation (DEC) and State Department of Health (DOH) issued an Air Quality Health Advisory for the Long Island and New York City Metro regions on Friday, August 5, 2022, due to high ozone levels. The advisory was in effect from 11 a.m. to 11 p.m.","The frequency and duration of air quality health advisories may decrease in the long-term future (next 15-90 days) as the summer season comes to an end and temperatures cool down.;It is likely that the air quality health advisory will continue to be issued in the next 1-15 days, especially during hot summer days when ozone levels tend to be higher."
92,2022-08-19,2022-08-19,"The Air Quality Health Advisory was issued for the New York City Metro and Lower Hudson Valley regions for Saturday, August 20, 2022, due to high ozone levels. The advisory will be in effect from 11 a.m. to 11 p.m.","In the long-term future (next 15-90 days), it is likely that ozone levels will decrease as the summer season comes to an end, but it is still important for individuals to take energy-saving and pollution-reducing steps to minimize ozone formation.;In the short-term future (next 1-15 days), it is likely that ozone levels will continue to be high during the afternoon to early evening periods, especially on hot summer days."
93,2022-09-14,2022-09-14,"The New York State Department of Environmental Conservation (DEC) is providing a $1 million grant program to support air quality and greenhouse gas mobile monitoring initiatives in 10 disadvantaged communities statewide, including several areas in New York City.","In the long term, the DEC's commitment to reducing greenhouse gas emissions and improving air quality, as outlined in the Climate Leadership and Community Protection Act, suggests that air quality in New York City is likely to continue to improve over the next 15-90 days.;Based on the DEC's efforts, it is likely that air quality monitoring and improvement initiatives will increase in the short term, potentially leading to improved air quality in the next 1-15 days."
94,2022-10-12,2022-10-12,"The Norlite facility in Cohoes, NY has a history of environmental violations and has been emitting contaminants at levels that increase the risk to the health and wellbeing of the surrounding community.","In the long-term, if the Norlite facility is forced to comply with environmental regulations and reduce its emissions, the air quality in the surrounding community is likely to improve. However, it may take some time for the facility to implement changes and for the air quality to recover. 

Note: The information provided does not specifically mention the Daily New York City Air Quality Index, but it does provide insight into the air quality situation in a specific area of New York State.;In the short-term, it is likely that the air quality in the surrounding community will remain poor until the Norlite facility takes corrective actions to reduce its emissions."
95,2022-11-03,2022-11-03,"The Ontario County Landfill in Seneca, NY has exceeded the one-hour ambient air quality standard for hydrogen sulfide (H2S) 225 times from 2015 to 2022.","In the long term, the continued oversight and compliance with regulations may lead to improved air quality in the region, but the direct impact on the Daily New York City Air Quality Index is uncertain. NA;In the short term, the implementation of corrective actions and the installation of a biofiltration system may help improve air quality in the area. However, it is unclear how this will directly impact the Daily New York City Air Quality Index. NA"
96,2022-11-03,2022-11-03,"The New York State Department of Environmental Conservation (DEC) has received nearly $600,000 in funding from the EPA to enhance air monitoring projects in New York State.","In the long term, the funding and initiatives may lead to a decrease in air pollution and greenhouse gas emissions, resulting in improved air quality in New York City.;With this funding, it is likely that air quality monitoring will increase in the short term, potentially leading to more accurate and reliable data on air quality in New York City."
97,2022-11-09,2022-11-09,"Objective facts about the Daily New York City Air Quality Index situation:
There is no direct information about the Daily New York City Air Quality Index in this report.","Long-term predictions (next 15-90 days):
NA;Short-term predictions (next 1-15 days):
NA"
98,2022-11-11,2022-11-11,"The New York State Department of Environmental Conservation (DEC) and Attorney General Letitia James have taken legal action against Norlite, LLC to stop harmful emissions from its Cohoes facility, which have been causing high levels of air pollution in the surrounding community.","In the long-term, if the court orders Norlite to implement a program to monitor and reduce emissions, and the company complies, the air quality in the surrounding community is likely to improve, reducing the risk of health concerns for local residents.;In the short-term, it is likely that the air quality in the surrounding community will remain poor until Norlite is forced to cease harmful emissions and implement measures to reduce pollution."
99,2022-11-22,2022-11-22,"The New York State Department of Environmental Conservation (DEC) is conducting a year-long community air monitoring initiative in 10 areas, including the Bronx, Buffalo/Niagara Falls/Tonawanda area, Capital Region, Manhattan, Brooklyn, Queens, Mount Vernon/Yonkers/New Rochelle, the Hempstead/New Cassel/Roosevelt/Uniondale/Westbury area, Syracuse, and Rochester.",NA (No specific data or trends are provided in this report to make long-term predictions about the Daily New York City Air Quality Index.);NA (No specific data or trends are provided in this report to make short-term predictions about the Daily New York City Air Quality Index.)
100,2022-12-05,2022-12-05,"The New York State Department of Environmental Conservation (DEC) is conducting a Statewide Community Air Monitoring Initiative, which includes Manhattan as one of the 10 study areas. Mobile air monitoring started in July 2022 in four areas, including Manhattan. The initiative aims to identify sources of air pollution and climate-altering greenhouse gas emissions.","Based on the initiative, it can be predicted that the DEC's efforts will lead to a better understanding of air pollution sources and potentially improved air quality in Manhattan and other study areas over the next 15-90 days.;NA (No specific information is available to make short-term predictions about the Daily New York City Air Quality Index.)"
101,2022-12-05,2022-12-05,"The New York State Department of Environmental Conservation (DEC) is conducting a Statewide Community Air Monitoring Initiative, which includes 10 communities, including the Buffalo/Niagara Falls/Tonawanda area, to identify sources of air pollution and climate-altering greenhouse gas emissions. Mobile air monitoring started in July 2022 in four areas, including the Bronx, Buffalo/Niagara Falls/Tonawanda area, Capital Region, and Manhattan.","NA (No specific information is available to make long-term predictions about the Daily New York City Air Quality Index.)

Note: The provided excerpt does not contain specific information about the Daily New York City Air Quality Index, but rather focuses on a statewide initiative to monitor air quality in various communities. Therefore, it is not possible to make predictions about the Daily New York City Air Quality Index based on this information.;NA (No specific information is available to make short-term predictions about the Daily New York City Air Quality Index.)"
102,2022-12-06,2022-12-06,"The New York State Department of Environmental Conservation (DEC) is conducting a Statewide Community Air Monitoring Initiative, which includes 10 communities, including the Bronx, Buffalo/Niagara Falls/Tonawanda area, Capital Region, and Manhattan, to identify sources of air pollution and climate-altering greenhouse gas emissions. Mobile air monitoring started in July 2022 and will continue for a year.","Based on the initiative, it can be predicted that the DEC will have a better understanding of the sources of air pollution and greenhouse gas emissions in the monitored communities, which may lead to targeted efforts to improve air quality in the next 15-90 days.;NA"
103,2022-12-12,2022-12-12,"The New York State Department of Environmental Conservation (DEC) is conducting a Statewide Community Air Monitoring Initiative, which includes the Bronx as one of the 10 study areas, to identify sources of air pollution and climate-altering greenhouse gas emissions.","In the long-term future (next 15-90 days), the validated results of the initiative may lead to changes in the Daily New York City Air Quality Index, potentially improving air quality in the Bronx and other study areas.;In the short-term future (next 1-15 days), it is likely that the air quality monitoring will continue, and the DEC will provide updates on the progress of data collection. However, it is unlikely to see significant changes in the Daily New York City Air Quality Index during this period."
104,2022-12-27,2022-12-27,"The New York State Department of Environmental Conservation (DEC) has awarded $898,365 in Environmental Justice Community Air Monitoring Capacity Building grants to nine community-based organizations to develop new or strengthen existing air monitoring programs focused on reducing exposure to harmful emissions and improving public health in disadvantaged communities.","In the long-term, the DEC's efforts to support community-led air monitoring initiatives and reduce greenhouse gas emissions may lead to significant improvements in air quality and public health outcomes, particularly in disadvantaged communities.;In the short-term, we can expect to see an increase in community-led air monitoring initiatives and education efforts in disadvantaged communities, which may lead to improved air quality and public health outcomes."
105,2022-12-29,2022-12-29,"The Advanced Clean Cars II regulations require all new passenger cars and trucks sold in New York State to be zero-emissions by 2035, with an increasing percentage of new light-duty vehicle sales to be zero-emission vehicles (ZEV) each year, starting with 35% ZEV sales in model year 2026.","In the long-term, we can expect to see significant reductions in greenhouse gas emissions and air pollution, with New York State achieving its goal of reducing emissions by 85% by 2050.;In the short-term, we can expect to see an increase in the adoption of zero-emission vehicles and a reduction in air pollution in New York State."
106,2022-12-30,2022-12-30,The 2022 Statewide Greenhouse Gas Report details statewide greenhouse gas (GHG) emissions for 1990-2020.,"NA (No information is provided in the report to make long-term predictions about Daily New York City Air Quality Index.)

Note: The report focuses on statewide greenhouse gas emissions and does not provide specific information about Daily New York City Air Quality Index. Therefore, it is not possible to make predictions about the Daily New York City Air Quality Index based on this report.;NA (No information is provided in the report to make short-term predictions about Daily New York City Air Quality Index.)"
107,2023-01-17,2023-01-17,"The New York State Department of Environmental Conservation (DEC) is conducting a Community Air Monitoring Initiative in various cities, including Brooklyn, Queens, and Syracuse, to monitor air quality and identify potential emission sources.","In the long term, the initiative may lead to the development of strategies to reduce air pollution and greenhouse gas emissions, potentially improving air quality in the monitored areas.;Based on the initiative's progress, it is likely that air quality data will be released in the short term, which may indicate areas of concern and potential hotspots of air pollution."
108,2023-01-23,2023-01-23,"The New York State Department of Environmental Conservation (DEC) is conducting a Statewide Community Air Monitoring Initiative, which includes mobile air monitoring in several cities, including Mount Vernon, Yonkers, and New Rochelle.","NA (no specific data is provided to make long-term predictions)

Note: The provided excerpt does not contain specific data on the Daily New York City Air Quality Index, so it is not possible to make predictions based on this information.;NA (no specific data is provided to make short-term predictions)"
109,2023-01-24,2023-01-24,"The New York State Department of Environmental Conservation (DEC) is conducting a year-long community air monitoring initiative in 10 communities, including Brooklyn, to identify sources of air pollution and climate-altering greenhouse gas emissions.","It is likely that the initiative will provide valuable insights into the sources of air pollution in NYC, which could inform policies and strategies to improve air quality in the long term.;NA"
110,2023-01-25,2023-01-25,"The New York State Department of Environmental Conservation (DEC) is conducting a year-long community air monitoring initiative in 10 communities, including Queens, Brooklyn, and Syracuse, to identify sources of air pollution and climate-altering greenhouse gas emissions. Mobile air monitoring started in September 2022.","The results of the initiative may lead to improved air quality in New York City, especially in the communities being monitored, and could inform future policies and actions to reduce air pollution.;NA"
111,2023-01-31,2023-01-31,"The New York State Department of Environmental Conservation (DEC) is conducting a Statewide Community Air Monitoring Initiative, which includes study areas in Mount Vernon/Yonkers/New Rochelle. Mobile air monitoring started in September 2022 in these communities.","As the data collection is expected to be completed by the end of the year, it's likely that the results will provide valuable insights into the sources of air pollution and inform strategies to reduce it, potentially leading to improved air quality in the long term.;NA (no information available to make short-term predictions)"
112,2023-02-03,2023-02-03,"The New York State Department of Environmental Conservation (DEC) is conducting a Statewide Community Air Monitoring Initiative in 10 communities, including Hempstead/New Cassel/Roosevelt/Uniondale/Westbury, to identify sources of air pollution and climate-altering greenhouse gas emissions.","Once the data is validated, it is possible that the DEC will be able to make more accurate predictions about the Daily New York City Air Quality Index, and potentially identify areas for improvement in the long-term future (next 15-90 days).;It is likely that the DEC will continue to collect data and provide updates on the progress of the initiative in the short-term future (next 1-15 days)."
113,2023-02-06,2023-02-06,"The New York State Department of Environmental Conservation (DEC) is conducting a Statewide Community Air Monitoring Initiative, which includes mobile air monitoring in several communities, including Brooklyn, Queens, and Syracuse, to identify sources of air pollution and climate-altering greenhouse gas emissions.","It's likely that the results of the statewide initiative, to be shared at the end of the year-long effort, will provide valuable insights into the sources of air pollution and greenhouse gas emissions, which could inform strategies to improve air quality in the long term.;NA (no information is provided to make short-term predictions about the Daily New York City Air Quality Index)"
114,2023-02-07,2023-02-07,"The New York State Department of Environmental Conservation (DEC) is conducting a Statewide Community Air Monitoring Initiative, which includes mobile air monitoring in Rochester and other communities, to gather data on air pollution and greenhouse gas emissions.","With the year-long initiative expected to conclude at the end of the year, it is likely that the DEC will release validated data and recommendations for improving air quality in the long term. This could lead to improved air quality in New York City and other communities involved in the initiative.;NA (No specific information is provided to make short-term predictions about the Daily New York City Air Quality Index.)"
115,2023-03-14,2023-03-14,"The New York State Department of Environmental Conservation (DEC) is conducting a Statewide Community Air Monitoring Initiative, which includes mobile air monitoring in Manhattan, the Bronx, and other areas.","As the initiative progresses and more data is collected, it is likely that the DEC will develop strategies to reduce air pollution and improve air quality in the long term.;NA (no specific information is provided about short-term predictions for the Daily New York City Air Quality Index)"
116,2023-03-26,2023-03-26,"The New York State Department of Environmental Conservation (DEC) is holding a virtual public meeting on Monday, March 27, to provide an update for Manhattan residents as part of the 2022-23 Statewide Community Air Monitoring Initiative. The initiative aims to identify sources of air pollution and climate-altering greenhouse gas emissions in 10 communities, including Manhattan, where mobile air monitoring started in July 2022.",NA;NA
117,2023-03-27,2023-03-27,"The New York State Department of Environmental Conservation (DEC) is conducting a Statewide Community Air Monitoring Initiative, which includes mobile air monitoring in 10 communities, including the Capital Region, to identify sources of air pollution and climate-altering greenhouse gas emissions.",NA;NA
118,2023-03-28,2023-03-28,"The New York State Department of Environmental Conservation (DEC) is conducting a Statewide Community Air Monitoring Initiative, which includes mobile air monitoring in 10 communities, including Buffalo/Niagara Falls/Tonawanda and Manhattan, since July 2022.","NA (no information provided about long-term air quality predictions)

Note: The provided excerpt does not contain any information about the current air quality situation or predictions, so some parts are marked as ""NA"".;NA (no information provided about short-term air quality predictions)"
119,2023-03-29,2023-03-29,"The New York State Department of Environmental Conservation (DEC) is conducting a Statewide Community Air Monitoring Initiative, which includes the Bronx as one of the 10 study areas. Mobile air monitoring started in July 2022 in the Bronx and other areas.","NA (No relevant information is provided to make long-term predictions about the Daily New York City Air Quality Index.)

Note: The provided excerpt is primarily an announcement for a virtual public meeting and does not contain specific information about the current air quality situation or data that could be used to make predictions about the Daily New York City Air Quality Index.;NA (No relevant information is provided to make short-term predictions about the Daily New York City Air Quality Index.)"
120,2023-04-13,2023-04-13,"The Air Quality Health Advisory was issued for Long Island, New York City Metro, Lower Hudson Valley, Eastern Lake Ontario, Central and Western New York regions for Friday, April 14, 2023, due to high ozone levels. The advisory is in effect from 11 a.m. to 11 p.m.","As the summer season approaches, it is likely that air quality advisories will be issued more frequently, especially during heatwaves.;Based on the advisory, it is likely that the air quality will remain poor for the next 1-2 days, especially during the afternoon to early evening when ozone levels are highest."
121,2023-04-27,2023-04-27,"The New York State Department of Environmental Conservation (DEC) is conducting a Community Air Monitoring Initiative in various communities across the state, including Brooklyn, Queens, Rochester, Syracuse, Mount Vernon/Yonkers/New Rochelle, and Hempstead/New Cassel/Roosevelt/Uniondale/Westbury.","Based on the initiative, it is likely that air quality will be monitored and addressed in the long term, potentially leading to improvements in air quality over the next 15-90 days.;NA (No specific information is provided to make short-term predictions about the Daily New York City Air Quality Index.)"
122,2023-05-09,2023-05-09,"The New York State Department of Environmental Conservation (DEC) is conducting a Statewide Community Air Monitoring Initiative, which includes Syracuse as one of the 10 communities being monitored. Mobile air monitoring started in September 2022 in Syracuse, and a virtual public meeting will be held to provide an update on the initiative and present preliminary results of the second quarter of air monitoring.",NA;NA
123,2023-05-09,2023-05-09,"The New York State Department of Environmental Conservation (DEC) is holding a virtual public meeting on May 10 to provide an update on the Brooklyn Community Air Monitoring Initiative, which is part of the 2022-23 Statewide Community Air Monitoring Initiative. Mobile air monitoring started in Brooklyn in September 2022.",NA (no information is provided about long-term predictions or trends in air quality);NA (no information is provided about the current air quality index or short-term predictions)
124,2023-05-10,2023-05-10,"The New York State Department of Environmental Conservation (DEC) is conducting a Statewide Community Air Monitoring Initiative in 10 communities, including Queens, to identify sources of air pollution and climate-altering greenhouse gas emissions. Mobile air monitoring started in September 2022 in Queens.","If the initiative is successful, it could lead to targeted efforts to reduce air pollution and greenhouse gas emissions in Queens and other communities, potentially improving air quality in the long term.;It is likely that the DEC will continue to monitor air quality in Queens and provide updates to the community in the short term, but it is unclear what specific trends or patterns may emerge in the next 1-15 days."
125,2023-05-10,2023-05-10,"The New York State Department of Environmental Conservation (DEC) is conducting a Statewide Community Air Monitoring Initiative, which includes Hempstead/New Cassel/Roosevelt/Uniondale/Westbury as one of 10 study areas. Mobile air monitoring started in September 2022 in these areas.",NA;NA
126,2023-05-12,2023-05-12,"An Air Quality Health Advisory was issued for the Eastern Lake Ontario region on Friday, May 12, 2023, due to high ozone levels. The advisory is in effect from 11 a.m. to 11 p.m. with an AQI value expected to exceed 100.","In the long-term, it is likely that ozone levels will continue to be a concern during the summer months due to heat and humidity, and individuals should take steps to reduce their exposure and minimize their contribution to ozone formation.;In the short-term, it is likely that ozone levels will decrease at night and can be minimized during daylight hours by reducing automobile travel and using public transportation."
127,2023-05-15,2023-05-15,"The New York State Department of Environmental Conservation (DEC) is conducting a Statewide Community Air Monitoring Initiative, which includes Rochester as one of 10 communities being monitored. Mobile air monitoring started in Rochester in September 2022.",NA;NA
128,2023-05-17,2023-05-17,The New York State Department of Environmental Conservation (DEC) is conducting a community air monitoring initiative in Mount Vernon/Yonkers/New Rochelle as part of a statewide program. Mobile air monitoring started in September 2022 and will provide an update on the second quarter of air monitoring results.,NA;NA
129,2023-06-01,2023-06-01,"The Air Quality Health Advisory was issued for the New York City Metro, Eastern Lake Ontario, and Western New York regions on June 1, 2023, due to high ozone levels. The advisory is in effect from 11 a.m. to 11 p.m.","In the long-term future (next 15-90 days), it is possible that ozone levels will decrease as summer heat subsides, but continued automobile exhaust and out-of-state emission sources may still contribute to high ozone levels.;In the short-term future (next 1-15 days), it is likely that ozone levels will continue to be high during summer heat, and advisories may be issued for similar regions."
130,2023-06-01,2023-06-01,"The Air Quality Health Advisory was issued for Long Island, New York City Metro, and Western New York regions for Friday, June 2, 2023, due to high ozone levels. The advisory will be in effect from 11 a.m. to 11 p.m.","In the long-term, the frequency and severity of ozone pollution events may increase during the summer months, and it is essential for the public to take energy-saving and pollution-reducing measures to mitigate the effects of ozone pollution.;In the short-term, it is likely that ozone levels will remain high during the afternoon to early evening hours, and individuals are advised to take precautions to minimize their exposure."
131,2023-06-05,2023-06-05,"The New York State Department of Environmental Conservation (DEC) and State Department of Health (DOH) issued an Air Quality Health Advisory for the Adirondacks, Eastern Lake Ontario, Central New York, and Western New York regions for Monday, June 5, 2023, due to high levels of fine particulate matter (PM 2.5) expected to exceed an Air Quality Index (AQI) value of 100.","In the long-term, the air quality in the affected regions may improve as the weather patterns change, but it is essential to continue monitoring the air quality and taking precautions to minimize exposure to fine particulate matter.;In the short-term, it is likely that the air quality in the affected regions will remain unhealthy, and people should continue to take precautions to minimize their exposure to fine particulate matter."
132,2023-06-05,2023-06-05,"An Air Quality Health Advisory has been issued for Long Island, New York City Metro, Lower Hudson Valley, Upper Hudson Valley, Adirondacks, Eastern Lake Ontario, and Central New York regions for Tuesday, June 6, 2023, due to expected elevated levels of fine particulate matter (PM 2.5). The advisory will be in effect from 12:00 a.m. through 11:59 p.m.","In the long term (next 15-90 days), air quality is likely to improve as weather conditions change and efforts to reduce pollution are implemented. However, continued monitoring and awareness are necessary to mitigate the impacts of poor air quality.;For the next 1-15 days, it is likely that air quality will continue to be poor in the affected regions, especially if weather conditions persist and human activities continue to contribute to high levels of PM 2.5."
133,2023-06-06,2023-06-06,"The Air Quality Health Advisory was issued for Long Island, New York City Metro, Eastern Lake Ontario, Central New York, and Western New York regions for Wednesday, June 7, 2023, due to high levels of Fine Particulate Matter (PM 2.5). The advisory will be in effect from 12 a.m. through 11:59 p.m.","In the long term, it is likely that the air quality in the affected regions will improve as the weather patterns change, but it is also possible that the air quality may remain poor if there are continued sources of PM 2.5 emissions in the area.;Based on the advisory, it is likely that the air quality in the affected regions will remain poor for the next 1-2 days, and people should continue to take precautions to minimize their exposure to PM 2.5."
134,2023-06-07,2023-06-07,"The pollutant of concern is Fine Particulate Matter (PM 2.5), and the Air Quality Health Advisory is in effect from 12 a.m. to 11:59 p.m. on Wednesday, June 7, 2023, for several regions in New York State, including Long Island, New York City Metro, Lower Hudson Valley, Upper Hudson Valley, Eastern Lake Ontario, Central New York, and Western New York.","In the long term, the air quality is likely to improve as the weather patterns change and the pollutant levels decrease. However, it is essential to continue monitoring the air quality and taking necessary precautions to reduce exposure to PM 2.5.;Based on the current advisory, it is likely that the air quality will remain poor for the next few days, especially in the regions mentioned. It is advisable to take precautions to minimize exposure to PM 2.5, such as staying indoors and avoiding strenuous activities."
135,2023-06-07,2023-06-07,"The Air Quality Health Advisory has been issued for the New York City Metro region, forecasting 'Unhealthy' AQI levels on Thursday, June 8, 2023, with Fine Particulate Matter (PM 2.5) as the pollutant of concern. The advisory will be in effect from 12 a.m. through 11:59 p.m.","In the long term, the frequency and severity of air quality health advisories may increase if the underlying causes of pollution, such as combustion processes and chemical reactions, are not addressed.;Based on the advisory, it is likely that the air quality will remain 'Unhealthy' for the next 1-15 days, especially if the same weather patterns and pollution sources persist."
136,2023-06-07,2023-06-07,There is no information provided about the current air quality index situation in New York City.,NA;NA
137,2023-06-08,2023-06-08,"The Air Quality Health Advisory has been issued for Long Island, New York City Metro, and Western New York regions for Friday, June 9, 2023, due to forecasted 'Unhealthy for Sensitive Groups' Air Quality Index levels. The pollutant of concern is Fine Particulate Matter (PM 2.5).","In the long-term future (next 15-90 days), I predict that the air quality will continue to be a concern, especially during heatwaves or periods of stagnant air, unless there are concerted efforts to reduce pollutant emissions and improve air quality management strategies.;For the next 1-15 days, I predict that the air quality will remain a concern, especially during peak summer months, unless there are significant changes in weather patterns or pollutant emissions."
138,2023-06-09,2023-06-09,"The air quality in New York City is currently poor due to wildfires in Eastern Canada, affecting sensitive groups such as children, senior citizens, people with underlying health conditions, and people with developmental disabilities.","In the long-term future (next 15-90 days), air quality is likely to return to normal, but it's essential to monitor the situation and take necessary precautions to protect public health.;In the short-term future (next 1-15 days), air quality is expected to continue improving, but it's possible that sensitive groups may still be affected."
139,2023-06-11,2023-06-11,"The Air Quality Health Advisory was issued for Western New York region on Sunday, June 11, 2023, due to high levels of Fine Particulate Matter (PM 2.5) expected to exceed an Air Quality Index (AQI) value of 100.","In the long-term (next 15-90 days), the air quality in Western New York may improve if there are changes in weather patterns or reductions in pollutant emissions from sources such as vehicle exhaust, power plants, and fires.;In the short-term (next 1-15 days), it is likely that the air quality in Western New York will continue to be affected by high levels of PM 2.5, especially if there are no significant changes in weather patterns or pollutant emissions."
140,2023-06-27,2023-06-27,"The Air Quality Health Advisory has been issued for Eastern Lake Ontario, Central New York, and Western New York regions for Wednesday, June 28, 2023, with forecasted 'Unhealthy' Air Quality Index (AQI) levels in Western New York and 'Unhealthy for Sensitive Groups' AQI levels in Central New York and Eastern Lake Ontario regions.","In the long term, the air quality in these regions may improve as the weather patterns change, but it is essential to monitor the air quality index regularly to stay informed about potential health risks.;Based on the forecast, it is likely that the air quality in Western New York will remain unhealthy for the next 1-2 days, and in Central New York and Eastern Lake Ontario regions will remain unhealthy for sensitive groups."
141,2023-06-28,2023-06-28,"The Air Quality Health Advisory has been issued for all regions of New York State for Wednesday, June 28, 2023, with forecasted 'Unhealthy' Air Quality Index (AQI) levels in Western and Central New York and Eastern Lake Ontario, and 'Unhealthy for Sensitive Groups' in the remaining regions. The pollutant of concern is Fine Particulate Matter (due to Canadian wildfires).","In the long-term (next 15-90 days), air quality may improve if the Canadian wildfires are brought under control, but continued heatwaves and summer weather patterns could lead to increased ozone levels and poor air quality.;In the short-term (next 1-15 days), air quality is likely to remain poor due to the ongoing Canadian wildfires, with potential for continued or repeated advisories."
142,2023-06-28,2023-06-28,"The Air Quality Health Advisory has been issued for all regions of New York State for Thursday, June 29, 2023, with forecasted 'Unhealthy' Air Quality Index (AQI) levels in Western and Central New York, Eastern Lake Ontario, and the Adirondacks, and 'Unhealthy for Sensitive Groups' in the remaining regions. The pollutant of concern is Fine Particulate Matter (due to Canadian wildfires).","In the long-term (next 15-90 days), it is possible that air quality will improve as the wildfires are brought under control and pollution levels decrease. However, this will depend on various factors, including weather patterns and human activities.;In the short-term (next 1-15 days), it is likely that air quality will remain poor due to the ongoing Canadian wildfires and potential for further pollution. This may lead to continued health advisories and potential health effects for the public."
143,2023-06-29,2023-06-29,"The Air Quality Health Advisory has been issued for all regions of New York State for Friday, June 30, 2023, with forecasted 'Unhealthy' Air Quality Index (AQI) levels in Western and Central New York and Eastern Lake Ontario regions, and 'Unhealthy for Sensitive Groups' AQI in the remaining regions. The pollutant of concern is Fine Particulate Matter (PM 2.5) due to Canadian wildfires.","In the long-term future (next 15-90 days), the air quality is likely to improve as the Canadian wildfires are brought under control and weather patterns change. However, the risk of poor air quality will remain, particularly during the summer months when heatwaves and stagnant air can exacerbate air pollution.;In the short-term future (next 1-15 days), it is likely that the air quality will remain poor due to the ongoing Canadian wildfires and prevailing weather conditions. The Air Quality Health Advisory may be extended or reissued for subsequent days."
144,2023-06-30,2023-06-30,"An Air Quality Health Advisory has been issued for the New York City Metro region for Saturday, July 1, 2023, due to high levels of fine particulate matter (PM2.5) and ozone. The advisory will be in effect from 12 a.m. to 11:59 p.m.","In the long-term future (next 15-90 days), the air quality in the New York City Metro region may improve as the weather patterns change, but it is likely that the region will continue to experience periods of poor air quality due to the presence of ozone and PM2.5 from various sources.;In the short-term future (next 1-15 days), it is likely that the air quality in the New York City Metro region will continue to be affected by the stagnant air mass and the presence of wildfire smoke, leading to high levels of PM2.5 and ozone."
145,2023-06-30,2023-06-30,"The New York State Department of Environmental Conservation (DEC) is conducting a Community Air Monitoring Initiative to reduce air pollution in various communities, including Manhattan and the Bronx.","In the long-term, the establishment of community advisory committees and regular meetings may lead to sustained efforts to improve air quality in New York City communities, potentially resulting in reduced air pollution and improved health outcomes.;In the short-term, it is likely that air quality will continue to be monitored and data will be collected, with potential updates on emission sources and strategies to reduce air pollution in the coming weeks."
146,2023-07-01,2023-07-01,"On Saturday, July 1, 2023, an Air Quality Health Advisory was issued for ozone in the New York City Metro and Long Island regions, with an expected AQI value exceeding 100.","In the long-term future (next 15-90 days), it is possible that ozone levels may decrease as the summer heat wave subsides, but continued emissions from automobile exhaust and industrial sources may still contribute to elevated ozone levels.;In the short-term future (next 1-15 days), it is likely that ozone levels will remain high, especially during heat waves and periods of stagnant air, which may lead to continued Air Quality Health Advisories."
147,2023-07-03,2023-07-03,"The Air Quality Health Advisory was issued for Long Island and New York City Metro regions on Monday, July 3, 2023, due to high ozone levels, with an AQI value expected to exceed 100.","In the long-term, I predict that ozone levels will continue to be a concern during the summer months, especially on hot days, and that individuals and authorities will need to take sustained efforts to reduce emissions and promote energy-saving and pollution-reducing practices.;In the short-term, I predict that ozone levels will decrease at night and may be minimized during daylight hours by reducing automobile travel and using public transportation."
148,2023-07-05,2023-07-05,"The New York State Department of Environmental Conservation (DEC) and State Department of Health (DOH) issued an Air Quality Health Advisory for the New York City Metro and Long Island regions for Wednesday, July 5, 2023, due to elevated levels of fine particulate matter (PM2.5) pollution. The advisory will be in effect from 11:00 a.m. to 11:00 p.m.","In the long-term, the air quality in New York City Metro and Long Island regions may be affected by the summer heat, which can lead to the formation of ground-level ozone, a major component of photochemical smog.;In the short-term, the air quality is likely to return to normal after the fireworks displays are over, but it's essential to monitor the AQI and take necessary precautions to minimize exposure."
149,2023-07-05,2023-07-05,"The New York State Department of Environmental Conservation (DEC) and State Department of Health (DOH) issued an Air Quality Health Advisory for ozone in the New York City Metro and Lower Hudson Valley regions for Thursday, July 6, 2023. The advisory is in effect from 11:00 a.m. to 11:00 p.m. on Thursday.","In the long-term, the frequency and severity of air quality health advisories may decrease as summer heat subsides, but continued efforts to reduce automobile travel and emissions will be necessary to minimize ozone levels and protect public health.;Based on the advisory, it is likely that ozone levels will remain high in the short-term, especially during peak summer heat hours, and may require continued air quality health advisories in the next 1-15 days."
150,2023-07-11,2023-07-11,"The New York State Department of Environmental Conservation (DEC) and State Department of Health (DOH) issued an Air Quality Health Advisory for the New York City Metro and Long Island regions for Wednesday, July 12, 2023, due to high ozone levels. The advisory will be in effect from 11:00 a.m. to 11:00 p.m.","In the long-term, ozone levels may decrease as the summer heat subsides, but it is essential for individuals to continue taking energy-saving and pollution-reducing steps to minimize the impact of ozone formation.;In the short-term, it is likely that ozone levels will remain high during the afternoon to early evening hours, and individuals should take necessary precautions to minimize their exposure."
151,2023-07-13,2023-07-13,"The Air Quality Health Advisory was issued for the New York City Metro and Lower Hudson Valley regions for Thursday, July 13, 2023, due to high ozone levels. The advisory is in effect from 11:00 a.m. to 11:00 p.m.","For the long-term future (next 15-90 days), it is predicted that ozone levels will continue to be a concern during the summer months, and the public should take steps to reduce their exposure, such as limiting outdoor activities during peak ozone hours and using public transportation.;For the short-term future (next 1-15 days), it is likely that ozone levels will remain high during hot summer days, especially in the afternoon to early evening, and may lead to additional Air Quality Health Advisories being issued."
152,2023-07-14,2023-07-14,"An Air Quality Health Advisory has been issued for the New York City Metro region for Saturday, July 15, 2023, due to high levels of ozone, with an AQI value expected to exceed 100.","It is likely that the air quality in New York City will continue to be affected by high ozone levels during the summer months, particularly during heatwaves, and residents should take long-term precautions to minimize their exposure to ozone.;Based on the advisory, it is likely that the air quality in New York City will remain poor for the next 1-2 days, with high levels of ozone expected during the afternoon to early evening."
153,2023-07-16,2023-07-16,"An Air Quality Health Advisory has been issued for all regions of New York State, including New York City, for July 17, 2023, due to expected high levels of fine particulate matter and ozone. The advisory will be in effect from 12 a.m. to 11:59 p.m. for fine particulate matter and from 11 a.m. to 11 p.m. for ozone.","In the long-term future (next 15-90 days), I predict that the air quality in New York City will remain a concern, especially during heatwaves and periods of stagnant air. However, the implementation of energy-saving and pollution-reducing measures, such as reducing automobile travel and using public transportation, may help minimize the impact of poor air quality.;In the short-term future (next 1-15 days), I predict that the air quality in New York City will continue to be poor due to the summer heat and the presence of automobile exhaust and out-of-state emission sources."
154,2023-07-17,2023-07-17,"The Air Quality Health Advisory was issued for the Adirondacks, Central New York, Eastern Lake Ontario, and Upper Hudson Valley regions for Tuesday, July 18, 2023, due to expected elevated levels of fine particulate matter (PM 2.5). The advisory will be in effect from 12 a.m. through 11:59 p.m.","It is difficult to make long-term predictions based on this advisory, but it is likely that the air quality in the affected regions will improve as the weather patterns change and the sources of PM 2.5 emissions are reduced.;Based on the advisory, it is likely that the air quality in the affected regions will remain poor for the next few days, and residents should continue to take precautions to minimize their exposure to PM 2.5."
155,2023-07-20,2023-07-20,"The excerpt does not provide direct information about the Daily New York City Air Quality Index. However, it mentions ""excessive emissions violations"" among the cases worked on by Environmental Conservation Police Officers (ECOs) and Investigators in 2022.",NA (no long-term predictions can be made based on the provided information);NA (no short-term predictions can be made based on the provided information)
