Date,Wholesale broiler composite,OT,Retail-wholesale spread for broiler composite,date,search_fact_lb36,search_preds_lb36
1/6/2009,82.590784,182.5495194,99.9587354,1/6/2009,"The demand for animal source food is increasing, and people are willing to pay market price for Day-Old Chicks (DOCs).",
1/7/2009,79.157272,174.8797508,95.7224788,1/7/2009,"The United States broiler market situation is affected by national price competition within market regions, and marketing risks faced by farmers when selling in local markets include price volatility.","In the long-term, the broiler market may adapt to changing consumer demand and marketing strategies, potentially leading to more stable prices and increased competitiveness. Here is the summarized information:;In the short-term, prices may continue to fluctuate due to market competition and external factors such as crude oil prices."
1/8/2009,76.13232,176.9175078,100.7851878,1/8/2009,Objective facts about the United States broiler market situation: NA,"Predictions you can make for the long-term future: NA The provided search results do not contain any relevant information about the United States broiler market. The results appear to be unrelated to the broiler market, focusing on topics such as regulation, oil production, agriculture, and local market analysis in various countries. Therefore, no useful information can be extracted for making predictions about the United States broiler market.Here is the summarized information:;Predictions you can make for the short-term future: NA"
1/9/2009,71.617144,176.0476656,104.4305216,1/9/2009,There are no objective facts about the United States broiler market situation in the provided search results.,"Similarly, it's not possible to make long-term predictions about the United States broiler market without relevant information. Here is the summarized information:;Due to the lack of relevant information, it's not possible to make short-term predictions about the United States broiler market."
1/10/2009,70.249048,173.456788,103.20774,1/10/2009,"The United States consumes approximately 24% of the soybean oil produced, and the high demand for soybean oil affects its price.","In the long term, the United States broiler market is likely to grow driven by increasing demand for protein-rich foods, but may face competition from other protein sources and trade agreements. Note: There is limited information directly related to the United States broiler market in the provided search results. The above analysis is based on indirect indicators and expert opinion.Here is the summarized information:;In the short term, the broiler market in the United States may experience fluctuations in prices and demand due to changes in global commodity prices and trade policies."
1/11/2009,69.789128,174.3157924,104.5266644,1/11/2009,"The United States is a major exporter of poultry meat, and Vietnam is a significant market for US chicken dark meat exports.","In the long-term, the US broiler market may continue to rely on exports, particularly to countries like Vietnam, and may need to adapt to changing global demand and prices. Note: The search results did not provide much specific information about the United States broiler market, so the analysis and predictions are based on limited information and may not be as accurate as desired.Here is the summary of the useful filtered information about United States Retail Broiler or Retail Chicken:;In the short-term, the demand for US chicken may remain stable, but prices may fluctuate based on global market conditions."
1/12/2009,71.877776,174.6797494,102.8019734,1/12/2009,"The United States poultry market is a major industry in the country, with broiler meat being a significant source of campylobacteriosis.","The increasing demand for high-quality broiler products from the United States may lead to a potential increase in exports and prices in the long term. Note: The provided search results do not contain specific and relevant information about the United States broiler market, making it difficult to make accurate predictions. The above summary is based on the limited information available.Here is the summarized information:;NA"
1/1/2010,74.581456,173.0778786,98.4964226,1/1/2010,The split between brown- and white-egg layers in the United States in 2008 was 60% to 40% in favor of brown eggs.,
1/2/2010,73.291648,173.0267814,99.7351334,1/2/2010,"The United States has a market for broilers, with processes eggs and broilers for the local and export market.",
1/3/2010,74.99928,167.803967,92.804687,1/3/2010,"The United States broiler market is expected to see increased demand in the coming months, driven by higher prices and increased demand.","In the long-term, the broiler market is likely to continue growing, driven by increasing demand and prices, potentially leading to increased production and investment in the industry. Note: The provided search results do not contain much specific information about the United States broiler market. The above analysis is based on limited information and should be taken as a general assessment rather than a detailed market analysis.Here is the summary of the search results:;In the short-term, broiler producers can expect increased demand and higher prices, leading to potential profits."
1/4/2010,75.507752,165.2834544,89.7757024,1/4/2010,The U.S. Department of Agriculture's Economic Research Service (ERS) collects data to estimate demand for agricultural products.,"In the long-term, the United States broiler market may be shaped by trends such as increased demand for sustainable and locally sourced products, changes in global trade agreements, and advancements in agricultural technology. Here is the summarized information:;In the short-term, the United States broiler market is likely to be influenced by global market trends, trade agreements, and domestic supply and demand factors, which may lead to fluctuations in prices and quantities marketed."
1/5/2010,77.23232,175.4540298,98.2217098,1/5/2010,The broiler chicken business is highly competitive in the United States.,
1/6/2010,75.934456,176.6493428,100.7148868,1/6/2010,,
1/7/2010,76.296184,178.5128844,102.2167004,1/7/2010,"The United States broiler market is part of a mature industry, with national brands and lower price points.","In the long-term, the market may see changes in demand and supply patterns, potentially driven by shifts in consumer behavior and global market trends. Here is the summarized information:;In the short-term, the market may experience fluctuations in demand and pricing due to national and global economic factors."
1/8/2010,78.192768,174.6585698,96.4658018,1/8/2010,,
1/9/2010,78.134584,178.5718902,100.4373062,1/9/2010,Objective facts about the United States broiler market situation: NA,"Long-term predictions: NA The search results do not provide any relevant information about the United States broiler market. The results appear to be related to various topics such as electric power industry, hog markets, sheep production, databases, annual reports, and economic research papers, but none of them provide useful information about the broiler market.Here is the filtered and summarized information:;Short-term predictions: NA"
1/10/2010,72.116304,180.0262006,107.9098966,1/10/2010,The United States has a national and regional supply shock that drives broiler prices.,
1/11/2010,68.60464,181.761359,113.156719,1/11/2010,"The United States is a significant producer of corn, with corn prices in the US market affecting the global supply and demand.",
1/12/2010,66.9352,178.5278312,111.5926312,1/12/2010,"The United States broiler market is dominated by a few large companies, with 4 companies controlling more than 80% of the US beef-packing market.",
1/1/2011,67.284936,175.7709138,108.4859778,1/1/2011,The United States has 0.21 percent of market share in the food processing ingredients sector in Guatemala.,"The demand for high-quality broiler products may continue to grow in the long term, driven by consumer preferences for healthy and safe food options. Here is the summarized information:;NA"
1/2/2011,66.385104,177.5734544,111.1883504,1/2/2011,"The Poultry Industry in the United States is impacted by legislation, regulations, and media activity.","The US broiler market may experience changes in demand and prices due to shifts in consumer preferences and market trends. Note: There is limited information available in the provided search results that is directly related to the United States broiler market. Most of the results are related to broader topics such as agriculture, economy, and trade, but not specifically about the broiler market.Here is the summarized information about United States Retail Broiler or Retail Chicken:;NA"
1/3/2011,71.990432,178.508172,106.51774,1/3/2011,The United States broiler market is not explicitly mentioned in the search results.,
1/4/2011,72.616904,174.4091004,101.7921964,1/4/2011,,
1/5/2011,72.684168,170.066244,97.382076,1/5/2011,"The United States sells limited quantities of poultry meat to Uzbekistan, however it is normally imported through third countries.","In the long-term, the US broiler market may see growth potential in international markets, particularly in Eastern Europe, where state-of-the-art facilities are being built. Here is the filtered and summarized information relevant to predicting United States Retail Broiler or Retail Chicken:;In the short-term, it is likely that the US broiler market will continue to focus on production and exports, with potential opportunities for direct exports to Uzbekistan."
1/6/2011,71.800312,175.520283,103.719971,1/6/2011,The National Chicken Council represents the interests of the U.S. broiler industry.,
1/7/2011,70.626112,174.0359222,103.4098102,1/7/2011,The National Domestic Violence Hotline in the United States registered an increase in calls.,"The US broiler market may continue to be shaped by international trade agreements and subsidies, potentially affecting prices and demand. Here is the summarized information:;NA (No short-term predictions can be made based on the available information)"
1/8/2011,72.591744,178.728915,106.137171,1/8/2011,"The United States broiler market is competitive, with multiple firms competing for sales in the national retail food and restaurant market, but one firm often dominates a growing region or territory.",
1/9/2011,73.960392,176.7019294,102.7415374,1/9/2011,"The majority of ""meat, poultry, eggs, and milk"" sold in the U.S. today is produced by Concentrated Animal Feeding Operations (CAFOs), also known as factory farms.",
1/10/2011,71.185856,180.7178794,109.5320234,1/10/2011,"The United States is mentioned as a country in the context of food prices, market access, and agricultural value chains, but there is no specific information about the broiler market.",
1/11/2011,71.633752,179.334259,107.700507,1/11/2011,"The United States has around 80,000 poultry farms, holding 60 million birds.",
1/12/2011,74.73756,179.3153106,104.5777506,1/12/2011,"The United States had 180 turkey hatcheries in 1975, but the number decreased to 2011.","In the long-term, the broiler market may experience a significant change in its structure, leading to potential changes in prices, availability, and market share of broiler products. Note: The provided search results do not contain much information directly related to the United States broiler market. The above summary is based on limited relevant information and may not be comprehensive.Here is the summarized information:;In the short-term, prices of broiler products may fluctuate due to the potential shift in supply and demand."
1/1/2012,81.416632,185.4724593,104.0558273,1/1/2012,The U.S. Department of Agriculture (USDA) prohibits discrimination in all its programs and activities.,
1/2/2012,83.149,182.6701335,99.52113353,1/2/2012,"The United States broiler market is affected by the feed market, and changes in feed prices can impact the broiler industry.","In the long term, the broiler market may see increased demand for alternative feed sources, such as insects, which could impact the traditional feed market and the broiler industry as a whole. Note: The search results did not provide a lot of direct information about the United States broiler market, so the analysis and predictions are based on indirect information and expert opinion.Here is the summarized information:;In the short term, the broiler market may experience fluctuations in prices and demand due to changes in feed prices and availability."
1/3/2012,85.888912,190.4202123,104.5313003,1/3/2012,"The National Chicken Council provides statistics on U.S. broiler performance, including market age, market weight, feed-to-meat gain, and more.",
1/4/2012,83.065248,188.6649843,105.5997363,1/4/2012,The United States has had longstanding concerns about the monopolistic marketing practices of Canada's dairy and poultry industries.,"The increasing demand for meat and dairy products in South Asia may lead to an increase in global production, potentially affecting the United States broiler market's competitiveness in the long term. Here is the filtered and summarized information about United States Retail Broiler or Retail Chicken:;NA"
1/5/2012,89.220312,186.8971469,97.67683493,1/5/2012,"The United States continues to dominate trade in cereals, with a diversified export base.","The continued dominance of the United States in cereal trade may lead to a stable or increasing supply of feed for broilers, potentially affecting prices and demand in the long term. Here is the summarized information:;NA (no information available to make short-term predictions about the United States broiler market)"
1/6/2012,83.287344,191.0218101,107.7344661,1/6/2012,"The United States is a major player in the global agriculture market, with soybeans, cotton, wood, grains, and seafood being top exports.","The long-term future of the United States broiler market may be affected by changes in immigration policy, trade liberalization, and world price changes, which could impact domestic production and exports. Here is the summarized information:;NA"
1/7/2012,81.947048,192.0888975,110.1418495,1/7/2012,"The United States supplied 89% of imported poultry to Taiwan, making Taiwan the 6th largest market for the United States.","In the long-term, the United States broiler market is expected to continue growing, driven by increasing global demand for poultry products. Note: The provided search results did not contain much information directly related to the United States broiler market. The information provided is based on the limited relevant data available.Here is the summarized information:;In the short-term, prices of poultry products may increase due to strong demand and potential supply chain disruptions."
1/8/2012,85.124112,190.6150998,105.4909878,1/8/2012,"The United States provided 207,000 MT of broilers in the 2010/11 and 2011/12 seasons.","In the long-term, the United States broiler market may see increased competition from other protein sources, potentially leading to fluctuations in demand and prices. Note: There is limited information available specifically about the United States broiler market in the provided search results.Here is the summarized information about United States Retail Broiler or Retail Chicken:;In the short-term, broiler prices may continue to rise due to increasing global demand and supply chain disruptions."
1/9/2012,82.764752,185.5533733,102.7886213,1/9/2012,"The United States is a significant consumer of poultry products, with animal agriculture being the No. 1 customer of U.S. corn and soybeans.","In the long-term, the broiler market may shift towards more sustainable and locally sourced products, driven by consumer preferences and government regulations. Note: There is limited information directly related to the United States broiler market in the provided search results. The above summary is based on indirect information and expert analysis.Here is the summary of the useful filtered information about United States Retail Broiler or Retail Chicken:;In the short-term, prices of broiler meat may fluctuate due to changes in demand and supply, but overall demand is expected to remain steady."
1/10/2012,83.654912,186.9651642,103.3102522,1/10/2012,The global agricultural supply and demand factors contribute to the recent increase in food commodity prices.,
1/11/2012,84.080216,193.4846907,109.4044747,1/11/2012,The US Department of Agriculture's National Agriculture Statistics Service publishes data on the broiler market.,
1/12/2012,90.720952,197.1478713,106.4269193,1/12/2012,"The beef cow inventory has decreased by 8.5% in the United States since 1986, but has grown by 44% in Wisconsin.","In the long-term, the broiler market may experience changes in demand and supply dynamics, potentially leading to shifts in market share and prices. Here is the filtered and summarized information:;In the short-term, broiler prices may remain high due to high feed costs and potential supply chain disruptions."
1/1/2013,92.206432,193.9555434,101.7491114,1/1/2013,"The National Chicken Council in the USA noted that in the first time in history, the US faced an alarming situation for the poultry feed industry.","In the long-term, the US broiler market may see changes in market dynamics, such as increased imports or changes in production levels, to address demand and supply imbalances. Note: The provided search results did not yield much relevant information about the United States broiler market, hence the limited output.Here is the filtered information, summarized into 5 parts:;In the short-term, the US broiler market may experience fluctuations in prices and demand due to the uncertainty in the poultry feed industry."
1/2/2013,90.258968,194.7858931,104.5269251,1/2/2013,"The United States broiler market demand is high, especially during events like the Super Bowl, with Americans expected to eat 1.23 billion chicken wings.","The demand for broilers in the United States is likely to continue to be driven by consumer preferences and events, leading to a stable market in the long term. Here is the summarized information:;Based on the high demand for chicken wings during the Super Bowl, it is likely that the broiler market will remain strong in the short term."
1/3/2013,91.655144,189.995114,98.33996996,1/3/2013,"The US Department of Agriculture's Agricultural Marketing Service reports on the consumption of organic fluid milk, which may have an impact on the broiler market.",
1/4/2013,90.738344,191.2417231,100.5033791,1/4/2013,"The United States was the 28th-largest export market and 16th-largest source of imports for Russia, with a growing demand for meat in the Russian diet.","With the growing demand for meat in countries like Russia, the United States broiler market may see increased exports and potentially higher prices in the long term. Here is the summarized information:;NA"
1/5/2013,96.29592,194.7087365,98.41281651,1/5/2013,Objective facts about the United States broiler market situation: NA,"Predictions you can make for the long-term future (next few months): NA Note: The provided search results do not contain any relevant information about the United States broiler market. The results appear to be unrelated to the topic, and no useful information can be extracted.Here is the filtered and summarized information about United States Retail Broiler or Retail Chicken:;Predictions you can make for the short-term future (next 1-4 weeks): NA"
1/6/2013,96.017712,199.1886668,103.1709548,1/6/2013,"The United States broiler market is related to the cattle industry, and production economics can impact market prices.",
1/7/2013,93.60156,197.5867954,103.9852354,1/7/2013,"The farmdoc Team's article mentions that broiler production expanded rapidly due to high market prices, causing demand to increase when crop price declines occur.",
1/8/2013,92.051496,200.2070271,108.1555311,1/8/2013,"The United States has a large market for chicken meat, and its relatively cheaper price makes it a popular choice.","The increasing demand for locally grown products could lead to a shift in the broiler market, with more emphasis on local production and marketing. Note: There was limited information directly related to the United States broiler market in the provided search results. The summarized information is based on indirect insights and analysis.Here is the summary of the search results:;NA"
1/9/2013,88.63252,200.5492379,111.9167179,1/9/2013,"The United States is a global benchmark for high-quality grain-fed beef, with export prices setting the ceiling for acceptable prices for this type of beef in many countries.","In the long term, the US broiler market may experience increased production and exports to meet growing global demand, particularly from countries like China. Note: There is limited information available about the US broiler market specifically, so some parts may not be applicable or may require more information to make accurate predictions.Here is the summarized information:;In the short term, demand for US beef and broiler products may increase due to growing international demand, leading to higher prices."
1/10/2013,80.3716,203.0975284,122.7259284,1/10/2013,"The United States has processed over 105 billion broilers since 2000, with production parameters, mortality, and condemnation rates shown in a figure.",
1/11/2013,74.77368,195.574911,120.801231,1/11/2013,The United States broiler market is not explicitly mentioned in the provided search results.,
1/12/2013,73.050912,196.7072468,123.6563348,1/12/2013,"The United States turkey market is a significant sector, with Mexico being the largest market for U.S. turkey, importing 412.7 million pounds last year, according to the National Turkey Federation.","In the long term, the broiler market may be impacted by trade agreements, such as the Trans-Pacific Partnership, which could affect market access and prices for U.S. broilers. Here is the summarized information:;In the short term, prices of broilers may decrease due to the oversupply of frozen turkeys and slowing demand."
1/1/2014,74.935904,193.8419284,118.9060244,1/1/2014,"The demand for U.S. meats influences prices in the United States, Canada, and other markets.",
1/2/2014,75.612016,195.2940237,119.6820077,1/2/2014,"The National Chicken Council reports that Americans are expected to eat 1.25 billion chicken wings during Super Bowl weekend in 2014, and the ""Great Wing Shortage"" of 2013 is officially over.","The broiler market is likely to continue to grow in the long term, driven by increasing demand for protein and stable supply chains. However, factors like biofuel mandates and changing consumer preferences may impact the market in the future. Here is the summarized information:;The demand for chicken wings is expected to remain high in the short term, particularly during the Super Bowl weekend, and prices are likely to remain stable."
1/3/2014,79.85368,194.7298074,114.8761274,1/3/2014,"The United States Department of Agriculture (USDA) prohibits discrimination in all its programs and activities on the basis of race, color, national origin, age, etc.",
1/4/2014,85.90756,192.9078638,107.0003038,1/4/2014,"The United States has an expanding corn-derived ethanol fuel sector, which rose in late 2006 and early 2007, fuelled by demand for corn and consequently prices.",
1/5/2014,90.424832,194.6136693,104.1888373,1/5/2014,Record-high prices for U.S. beef burgers and pork chops are helping to make 2014 the most profitable year ever for chicken producers.,"In the long-term, the profitability of chicken producers may lead to an increase in chicken production, which could potentially lead to a surplus in the market, affecting prices and profitability. Note: There is limited information directly related to the United States broiler market in the provided search results. The above summary is based on the available information and expert analysis.Here is the summarized information:;In the short-term, the demand for chicken is likely to remain high, and chicken producers may continue to experience high profits."
1/6/2014,92.893544,194.8577538,101.9642098,1/6/2014,,
1/7/2014,94.030216,195.5890742,101.5588582,1/7/2014,"As of 2021-2022, there is no specific data on the United States broiler market in the provided search results. However, the agribusiness industry accounts for nearly one-fifth of the U.S. gross national product and employs close to one-fourth of the U.S. labor force.",
1/8/2014,92.249984,197.0446804,104.7946964,1/8/2014,The United States chicken consumption peaked at 91.5 pounds a year.,"The long-term outlook for the broiler market in the United States is positive, with potential for continued growth in demand and consumption.;In the short-term, the demand for chicken is likely to remain high, supporting prices and production levels."
1/9/2014,92.346936,197.1235079,104.7765719,1/9/2014,"The United States has a significant poultry industry, with Mesa County in Colorado ranking third in the state in production of eggs and poultry.","In the long-term, the broiler market may see increased demand for biotech wheat, which could impact the feed grain market and, in turn, affect the broiler industry. Note: There is limited information directly related to the United States broiler market in the provided search results. The above summary is based on inferences and indirect connections to the market.Here is the filtered and summarized information:;In the short-term, the broiler market may experience volatility in prices due to global market trends and trade agreements."
1/10/2014,90.403608,198.9868164,108.5832084,1/10/2014,"The United States imports and exports poultry products, with a growing demand for U.S.-raised poultry in China.","In the long-term, the U.S. broiler market may see increased competition from other poultry-producing countries, potentially affecting market share and prices. Here is the summarized information:;In the short-term, the U.S. broiler market is expected to continue experiencing growth, driven by steady demand from China and other international markets."
1/11/2014,87.906176,200.7991339,112.8929579,1/11/2014,"The United States recorded the highest total meat consumption and demand, and market and trade.","In the long-term, the broiler market may be affected by factors such as climate change, national water demand, and market effects, which could lead to fluctuations in demand and prices. Note: The information provided is limited, and most of the search results are not directly related to the United States broiler market. Therefore, the analysis and predictions are based on indirect connections and may not be entirely accurate.Here is the summarized information about United States Retail Broiler or Retail Chicken:;In the short-term, the demand for broilers may remain high, leading to stable or increasing prices."
1/12/2014,86.087896,199.433798,113.345902,1/12/2014,"The United States has a strong livestock industry, with a growing export demand, and the price of livestock products is expected to rebound.","In the long-term, the United States broiler market is expected to continue growing, driven by increasing export demand and a strong livestock industry. Here is the summarized information:;In the short-term, broiler prices are likely to increase due to growing export demand and rebounding livestock prices."
1/1/2015,87.9496,197.842342,109.892742,1/1/2015,The United States Department of Agriculture (USDA) buys ground beef for the National School Lunch Program.,"With growing demand for chicken products, the broiler market is likely to experience an increase in production and sales in the long term. Here is the summarized information about United States Retail Broiler or Retail Chicken:;NA"
1/2/2015,86.184552,197.7962226,111.6116706,1/2/2015,"The average price of organic broilers in 2008 was $6.40 per bird, with nearly two-thirds of sales in California.",
1/3/2015,85.781784,198.7291368,112.9473528,1/3/2015,"The United States is a significant producer of broilers, with antimicrobials used primarily in swine and poultry production.","Based on the trend of increasing demand for broilers in the United States, it is likely that the market will continue to grow in the long term, driven by factors such as population growth and changing consumer preferences. Here is the summarized information:;NA"
1/4/2015,84.81892,199.7333427,114.9144227,1/4/2015,"The United States broiler market was affected by the USDA shutdown, which resulted in delayed reports such as the weekly Broiler Hatchery report.",
1/5/2015,85.555152,193.183912,107.62876,1/5/2015,"The U.S. weighted average advertised retail price for an 8 ounce pack of natural chicken breast was reported in the DMN National Retail Report-Dairy for the week of April 17 - 23, 2015.","In the long-term, the United States broiler market may experience growth driven by increasing demand from countries like China, which imports turkey meat from the U.S. Here is the summarized information:;In the short-term, poultry prices may remain stable or experience a slight decrease due to the availability of lower-cost pork as a substitute meat."
1/6/2015,83.990376,198.6927645,114.7023885,1/6/2015,"The USDA prohibits discrimination against its customers, employees, and applicants for employment on the bases of race, among other factors.",
1/7/2015,78.4968,196.3344915,117.8376915,1/7/2015,The United States broiler market was worth $1.59 billion in 2015.,
1/8/2015,72.561232,196.0292478,123.4680158,1/8/2015,"In 2014, the United States exported 19% of its broiler production.","In the long term, the U.S. broiler market may experience growth driven by increasing exports to countries like China and domestic demand. Here is the filtered and summarized information about United States Retail Broiler or Retail Chicken:;In the short term, prices of broilers may remain stable due to the current supply and demand balance."
1/9/2015,69.345792,194.9982776,125.6524856,1/9/2015,The United States has national food price databases available for research purposes.,
1/10/2015,65.523248,196.5389516,131.0157036,1/10/2015,"The United States is a significant producer of broilers, with output influencing global demand and prices.","The growing demand for alternative meats, such as goat meat, could lead to increased competition for broiler farmers in the long term, potentially affecting prices and market share. Here is the summarized information:;NA"
1/11/2015,63.536568,196.9855384,133.4489704,1/11/2015,"The avian influenza outbreak had an impact on the US broiler market, affecting demand for broiler meat.","The US broiler market may recover from the avian influenza outbreak in the long term, but it depends on various factors such as disease control and demand recovery.;Meat prices in the US broiler market may continue to be under pressure in the short term due to the avian influenza outbreak."
1/12/2015,64.158168,193.1461663,128.9879983,1/12/2015,"The U.S. Department of Agriculture (USDA) prohibits discrimination in all its programs and activities on the basis of race, color, national origin, age, etc.","In the long-term, the U.S. broiler market may adapt to the new regulations and find alternative production methods, leading to a potential stabilization of prices and production. Here is the summarized information:;In the short-term, the U.S. broiler market may continue to experience fluctuations in prices and production due to the ongoing impact of the antibiotic use restriction."
1/1/2016,67.663504,192.6604709,124.9969669,1/1/2016,"The United States remains the Philippines' largest supplier for food products, including broiler products.","The U.S. broiler market is expected to continue to grow in the long term, driven by increasing demand from export markets and domestic consumption. Here is the summarized information about United States Retail Broiler or Retail Chicken:;NA"
1/2/2016,67.413848,187.4210609,120.0072129,1/2/2016,"According to the National Chicken Council, Americans are expected to eat 1.3 billion chicken wings during the Super Bowl weekend.","In the long-term, the market-driven shift towards cage-free eggs and animal welfare may lead to changes in the broiler industry, potentially affecting prices and production methods. Here is the summarized information:;In the short-term, the demand for broilers is likely to remain high, especially with the Super Bowl weekend approaching, which may lead to an increase in prices."
1/3/2016,69.5224,188.725939,119.203539,1/3/2016,"The United States is one of the largest players in the global food and agribusiness market, with high prices for land and labor.","In the long-term, the broiler market may experience a shift towards more sustainable and organic production methods, driven by consumer demand and potentially leading to changes in market prices and structures. Note: There is limited information available in the provided search results that is directly relevant to the United States broiler market. The above summary is based on the available information and may not provide a comprehensive picture of the market.Here is the summarized information:;In the short-term, prices for broiler products may remain steady or increase slightly due to the growing demand for organic and antibiotic-free products."
1/4/2016,74.143808,192.1310981,117.9872901,1/4/2016,"The National Pork Board reports that Easter ranks as one of the top holidays for pork consumption, which could help pork prices in the coming months.",
1/5/2016,77.452248,189.8062278,112.3539798,1/5/2016,"The US broiler industry is a significant player in the global market, and poultry farmers in the US are, on average, richer than most farmers in America, according to a study by the National Chicken Council (NCC).","In the long-term, the US broiler market is expected to continue growing, driven by increasing demand for protein-rich foods and investments in the organic and heritage poultry sectors. Note: The provided search results did not yield much specific information about the current situation and predictions for the US broiler market. The insights and analysis are based on general trends and available data.Here is the filtered and summarized information:;In the short-term, the US broiler market is likely to experience stable prices and demand, driven by the growing demand for organic and heritage poultry products."
1/6/2016,76.892064,191.5474678,114.6554038,1/6/2016,"The United States broiler market imports primarily from Brazil and the United States, with an expected import of 75 metric tons of U.S. poultry in 2016.","The broiler market may continue to see a trend towards premium products, potentially leading to increased demand and prices for high-quality broilers. Here is the summarized information:;NA"
1/7/2016,75.725144,189.9161014,114.1909574,1/7/2016,"The annual cost in the United States of antibiotic-resistant infections is significant, and the use of antibiotics in poultry is responding to market demand.","In the long term, the broiler market may see changes in response to growing demand for imported food products and increasing concerns about antibiotic resistance. Here is the summarized information:;In the short term, the broiler market may experience fluctuations in price and demand due to the ongoing impact of the British fallout and the strength of the U.S. dollar."
1/8/2016,74.015496,191.1338425,117.1183465,1/8/2016,"Objective facts about the United States broiler market situation: The demand for broiler meat is influenced by market price, and price rigidities can occur in the presence of shocks.",Predictions you can make for the long-term future (next few months): NAHere is the summarized information:;Predictions you can make for the short-term future (next 1-4 weeks): NA
1/9/2016,75.927792,190.8224049,114.8946129,1/9/2016,The United States Government is considering allowing imports of poultry products.,"In the long-term future (next few months), the demand for poultry products is expected to continue rising, which could lead to an increase in prices. Note: The information provided is limited, and most of the search results are not directly related to the United States broiler market. Therefore, the analysis and predictions are based on limited information.Here is the summarized information about United States Retail Broiler or Retail Chicken:;In the short-term future (next 1-4 weeks), prices of poultry products may decline due to oversupply."
1/10/2016,74.094032,189.3090808,115.2150488,1/10/2016,"The United States has 15,904 certified organic operations, according to the Organic Integrity Database.","The increasing demand for organic products may lead to an increase in organic broiler production in the United States, potentially affecting the overall broiler market. Here is the summarized information:;NA"
1/11/2016,74.890264,189.4055129,114.5152489,1/11/2016,"As of 2016, U.S. chicken consumption remains high, with 2016 consumption at an all-time high.","In the long-term, the industry is likely to continue to grow, driven by factors such as increasing demand and expansion of hatcheries and other industry infrastructure. Here is the summarized information:;In the short-term, it is likely that the demand for chicken will remain strong, driving prices and consumption up."
1/12/2016,76.695904,183.831394,107.13549,1/12/2016,"As of 2016, the farm price of broilers in the southern states has decreased, and relatively cheaper feed prices have contributed to an increase in broiler production.","Based on the trend of decreasing farm prices and relatively cheaper feed prices, it is possible that broiler production will continue to increase in the southern states, leading to lower prices for consumers. Here is the summarized information:;NA"
1/1/2017,77.333424,186.0664068,108.7329828,1/1/2017,"The broiler industry in the United States has data on the market, and producers in this industry have a significant impact on the wholesale price of national brands.",
1/2/2017,77.599792,187.1592649,109.5594729,1/2/2017,The national broiler flock in the United States eats about 27.5 billion pounds of chicken meat produced in the country.,"In the long-term, the United States broiler market may be influenced by trade agreements and exports, potentially leading to changes in demand and prices. Here is the summarized information:;In the short-term, the price of chicken may fluctuate based on the demand and supply of broiler meat."
1/3/2017,83.396312,187.8179867,104.4216747,1/3/2017,"The demand for U.S. foods can push food prices up in Canada, and marketing and distribution costs are generally higher in Canada than in the United States.","In the long term, the broiler market may shift towards more premium and specialty products, leading to increased competition and potential changes in market share. Note: There is limited information available specifically about the United States broiler market, so the analysis and predictions are based on related information and trends.Here is the summarized information:;In the short term, prices of broiler products may increase due to the growing demand for premium and specialty products."
1/4/2017,88.804808,188.652272,99.84746401,1/4/2017,"The Chinese market has pulled Brazilian beef and poultry from their shelves due to a deepening scandal over food safety, which may impact the global poultry market.",
1/5/2017,94.475288,187.6941824,93.21889438,1/5/2017,"The United States is a large supplier of soybeans to world markets, and corn is the key energy source for poultry feed in the US.","In the long-term, the broiler market may be affected by changes in global trade policies, technological advancements in feed production, and shifts in consumer demand for poultry products. Note: There is limited information available in the search results that directly relates to the United States broiler market, so some parts may be incomplete or marked as ""NA"".Here is the summarized information:;In the short-term, the broiler market is likely to be influenced by changes in feed prices and demand for poultry products."
1/6/2017,98.229936,186.7843965,88.5544605,1/6/2017,The U.S. poultry meat exports hold over 35 percent market share in Ghana.,"As the US Department of Agriculture forecasts higher demand and exports, it is likely that the US broiler market will continue to experience growth and increasing prices in the long-term. Note: There is limited information directly related to the US broiler market in the provided search results. Most of the information is related to other markets or industries.Here is the summarized information:;It is likely that the US broiler market will continue to experience high demand and exports in the short-term, leading to stable or increasing prices."
1/7/2017,99.144464,186.3154695,87.17100545,1/7/2017,"The United States Department of Agriculture (USDA) has standards for the National Poultry Improvement Plan, which Aviagen's new veterinary diagnostic lab in Tennessee meets.","As the poultry industry continues to invest in improved production and health measures, the long-term outlook for the broiler market may be more stable and potentially lead to increased demand. Here is the summarized information about United States Retail Broiler or Retail Chicken:;In the short term, prices may increase due to the potential imbalance of supply and demand in the broiler market."
1/8/2017,94.68312,188.5643485,93.88122852,1/8/2017,"The National Chicken Council is involved in enhancing economic opportunities for US farmers and ranchers, and conducts safety and health inspections on meat and poultry products.","In the long term, the US broiler market may be impacted by changes in trade relationships, such as the renegotiation of NAFTA, which could affect exports and prices. Additionally, investigations into price-fixing could lead to changes in the market dynamics and potentially impact prices. Here is the summarized information:;In the short term, the market is likely to remain stable, with no significant changes in prices or supply expected."
1/9/2017,86.02968,187.4216003,101.3919203,1/9/2017,"The United States broiler market is not directly mentioned in the provided search results. However, there are some related information about the meat industry in the United States.",
1/10/2017,78.9474,187.4288961,108.4814961,1/10/2017,The U.S. poultry and egg industry had record egg prices in 2015.,
1/11/2017,76.54128,187.1477956,110.6065156,1/11/2017,The National Chicken Council reported that the trend of antibiotic-free (ABF) poultry production is driven by consumer demand and marketing strategies.,"The trend towards ABF poultry production may continue to shape the broiler market in the long term, potentially leading to changes in production practices and market dynamics. Here is the summarized output:;NA"
1/12/2017,79.249072,189.7268839,110.4778119,1/12/2017,"The United States broiler market is dominated by a few large companies, with the defendant companies controlling 90 percent of the market.","In the long-term, the market may see increased competition and potentially lower prices if the price-fixing claims lead to regulatory changes or increased market competition. Note: There is limited information directly related to predicting the United States broiler market in the provided search results. The above summary is based on the available information and may not provide a comprehensive view of the market.Here is the summarized output:;In the short-term, the market may experience fluctuations in prices due to the ongoing price-fixing claims and potential changes in demand."
1/1/2018,79.371936,181.7108609,102.3389249,1/1/2018,"The demand for poultry meat in the US has been growing rapidly over the past 50 years, driven by fast-growing demand.","In the long term, the demand for broilers is likely to continue growing, driven by consumer preferences and population growth, which may lead to increased production and potentially higher prices. Here is the summarized information about United States Retail Broiler or Retail Chicken:;In the short term, the market prices for broilers may be affected by the predicted increase in soybean acres, leading to lower prices."
1/2/2018,80.867624,186.0510227,105.1833987,1/2/2018,"The U.S. Department of Agriculture predicts that Americans will eat a record amount of beef, pork, and poultry in 2018.","In the long-term, the U.S. broiler market may experience continued growth, driven by increasing demand and large-scale production in states like Georgia. Note: There is limited information directly related to the U.S. broiler market in the provided search results. The insights and predictions are based on indirect information and may not be as accurate as desired.Here is the summary of the useful information:;In the short-term, prices of poultry may remain stable or increase slightly due to high demand."
1/3/2018,83.336552,186.7118704,103.3753184,1/3/2018,"The demand for dressed, ready-to-cook, and processed poultry products is increasing in the United States market.","In the long-term, the United States broiler market may experience continued growth in demand and exports, potentially leading to higher prices and increased production. Note: There is limited information specifically about the United States broiler market in the provided search results, so some parts may be incomplete or speculative.Here is the summarized information about United States Retail Broiler or Retail Chicken:;In the short-term, prices of broiler products may remain stable or decrease due to the expected increase in exports and potential competition from imports."
1/4/2018,85.095656,189.987831,104.892175,1/4/2018,The U.S. attestation that imported beef or poultry products are obtained from animals that have not been fed animal protein is a requirement for market entry in Saudi Arabia.,"The demand for poultry products may decrease in the long term due to the increasing popularity of plant-based diets and reduced meat consumption in the USA. Here is the filtered information, summarized into 5 parts:;NA"
1/5/2018,87.028808,189.2286472,102.1998392,1/5/2018,"The United States broiler market is estimated to produce 22 million tonnes of poultry meat in 2018, a 2.4% increase from 2016, driven by strong domestic and international demand.","In the long-term, the U.S. broiler market may continue to grow, driven by increasing demand from countries like Thailand and Chile, as well as potential opportunities in other international markets. Here is the summarized output:;In the short-term, the demand for U.S. broiler products is likely to remain strong, driven by international demand and domestic consumption."
1/6/2018,87.67996,188.4173198,100.7373598,1/6/2018,"The United States has a large poultry industry, with over 30 million chickens trucked to poultry plants across the US every day.","In the long-term, the US broiler market may continue to grow, driven by increasing demand for protein and changing consumer preferences, but may also face challenges such as disease outbreaks, trade tensions, and environmental concerns. Note: The provided search results did not contain specific data or information about the current market situation, prices, or trends in the US broiler market, which limited the analysis and predictions.Here are the filtered and summarized results:;In the short-term, the US broiler market may experience fluctuations in prices and supply due to factors such as weather, trade policies, and global demand."
1/7/2018,85.573256,189.1953239,103.6220679,1/7/2018,"The United States is one of the world's most open markets, with strong demand for quality products.","In the long-term, the US broiler market may see an increase in niche market demand for premium and specialty products, driven by consumer preferences for quality and sustainability.;In the short-term, prices of broiler products may remain stable or increase due to strong demand for quality products."
1/8/2018,76.355584,188.406948,112.051364,1/8/2018,The US National Chicken Council represents approximately 95% of broiler chickens raised in the United States.,"Based on the current market share and demand, it is likely that the US broiler market will continue to dominate the Mexican market in the long term. Here is the summarized information about United States Retail Broiler or Retail Chicken:;NA"
1/9/2018,73.171008,186.4001592,113.2291512,1/9/2018,The national average negotiated carcass price on USDA's Friday afternoon report was falling like a rock during the last two months.,"In the long-term, the broiler market may be affected by changes in consumer preferences, trade policies, and supply chain disruptions, leading to potential price fluctuations. Note: There is limited information directly related to the broiler market in the provided search results. The analysis and predictions are based on indirect indicators and market trends.Here is the filtered and summarized information:;In the short-term, broiler prices may remain stable or slightly decrease due to the current supply and demand dynamics."
1/10/2018,71.343048,188.9145936,117.5715456,1/10/2018,The National Chicken Council reports on per capita consumption of chicken in the United States.,
1/11/2018,69.9982,185.3261532,115.3279532,1/11/2018,The broiler industry is a major industry in several U.S. states.,
1/12/2018,71.255864,187.0775714,115.8217074,1/12/2018,"The United States Department of Agriculture publishes reports on livestock, poultry, and grain market news, which includes information on demand, offerings, and prices.","In the long-term, the market may shift towards more cage-free and sustainable production methods, driven by consumer preferences and retailer commitments, which could impact prices and profitability. Note: There is limited information available specifically about the United States broiler market, so some parts may be inferred or based on related information.Here is the summarized information:;In the short-term, prices of poultry products may remain relatively high due to strong demand, but may be influenced by changes in production levels and market dynamics."
1/1/2019,77.5246,185.1890569,107.6644569,1/1/2019,The United States broiler market consumed 53.4 billion pounds of chicken meat in 2018.,"In the long-term, the United States broiler market may see a shift towards more sustainable and quality-focused production methods, driven by consumer demand and trade agreements. Here is the summarized information:;In the short-term, prices of broilers in the United States may remain volatile due to ongoing trade negotiations and global market fluctuations."
1/2/2019,76.77436,187.5621684,110.7878084,1/2/2019,"The demand for chicken wings is expected to spike on Super Bowl Sunday, stressing the poultry market.","In the long-term, the United States broiler market may be affected by global trends, such as changes in consumption rates and environmental risks, which could impact supply and demand. Here is the summary of the useful information:;In the short-term, the demand for chicken wings is expected to increase due to Super Bowl Sunday, which may lead to a temporary shortage or price increase."
1/3/2019,79.526976,185.4715138,105.9445378,1/3/2019,The United States has an approximately 20 percent share of the broiler market in Thailand.,
1/4/2019,81.667976,188.3931411,106.7251651,1/4/2019,The United States Department of Agriculture reports that demand for healthier products is increasing.,"In the long-term, the United States broiler market may see a shift towards more premium and healthier broiler products, leading to changes in production and supply chain strategies. Note: There is limited information directly related to the United States broiler market in the provided search results. The above summary is based on the available information and may not provide a comprehensive view of the market.Here is the summarized information:;In the short-term, the demand for broiler products may remain steady or increase slightly due to the growing trend towards healthier protein options."
1/5/2019,82.244816,188.4995778,106.2547618,1/5/2019,The United States produces 70 percent of the nation's sugar consumption.,"The ongoing lawsuits against major beef packers may lead to changes in the market structure and pricing mechanisms, potentially affecting the broiler market in the long term. Here is the filtered information, summarized into 5 parts:;NA"
1/6/2019,82.409472,187.6138494,105.2043774,1/6/2019,The national market-year average price (MYAP) is used to determine the effective price of broilers in the United States.,
1/7/2019,82.059784,187.320159,105.260375,1/7/2019,"The United States poultry industry has a history of using antibiotic growth promoters in commercial poultry feeds, but there is a shift towards No Antibiotics Ever (NAE) production.","In the long term, the US broiler market may see a significant shift towards NAE production, driven by consumer demand and regulatory pressures, potentially leading to changes in the market structure and competition. Here is the summarized information:;In the short term, we can expect to see a continued increase in NAE production and exports, potentially leading to higher prices for sustainably produced poultry products."
1/8/2019,77.828024,186.459169,108.631145,1/8/2019,"The United States remains the largest agricultural product supplier to Peru, with more than two-thirds of current U.S. agricultural exports entering Peru duty-free.","The increasing demand for higher welfare chicken may lead to a shift in the broiler market, potentially resulting in higher prices for producers who adapt to the new demand and lower prices for those who do not. Here is the summarized information:;NA"
1/9/2019,73.459472,186.1044762,112.6450042,1/9/2019,"The United States broiler market is influenced by global demand for poultry, which has increased due to the African Swine Fever outbreak.","In the long term, the market may shift towards more sustainable production methods, which could lead to changes in consumer behavior and demand patterns. Here is the summarized information:;In the short term, prices may remain stable or slightly increase due to sustained global demand and potential supply chain disruptions."
1/10/2019,69.819928,187.9290387,118.1091107,1/10/2019,"National consumption of broilers in the United States reached 59.8, with demand for chicken making up 59.7% of total consumption.","With the US broiler industry being a significant player in the global market, it is likely that the industry will continue to experience growth, driven by domestic demand and potential export opportunities. Here is the summary of the search results:;NA"
1/11/2019,68.1326,189.5186293,121.3860293,1/11/2019,The market for poultry products has tripled in the last decade.,"In the long-term, the US broiler market is expected to continue its upward trend, with exports potentially reaching 1.5 million tonnes cwt by 2020. Note: The information available is limited, and most of the search results are not directly related to the US broiler market. The insights and predictions made are based on the limited available information and may not be entirely accurate.Here is the summarized information about United States Retail Broiler or Retail Chicken:;In the short-term, US broiler exports are likely to continue growing, driven by demand from countries like India."
1/12/2019,69.691096,191.7700224,122.0789264,1/12/2019,"The National Chicken Council's 65th Annual Conference in Washington on October 30, 2019, discussed the state of the chicken market.",
1/1/2020,71.331888,187.030937,115.699049,1/1/2020,"The Big Picture Market Outlook report by J.S. Ferraro provides in-depth commentary on the US poultry market outlook, availability, and price forecasts for meat and poultry.",
1/2/2020,69.291544,188.2372623,118.9457183,1/2/2020,"The United States is a significant player in the global poultry market, with a large domestic market and exports to countries like Saudi Arabia.","In the long term, the United States broiler market may face challenges from international competition, trade policies, and shifting consumer preferences, which could impact prices and demand. Note: The provided search results do not contain specific and recent data on the United States broiler market, making it challenging to provide more detailed and accurate predictions.Here is the summarized information:;In the short term, broiler prices may remain stable or experience slight fluctuations due to steady demand from domestic and international markets."
1/3/2020,71.214968,192.7906801,121.5757121,1/3/2020,The United States imported 5.1 million live hogs,
1/4/2020,63.179624,203.092243,139.912619,1/4/2020,The higher export demand puts upward pressure on broiler prices.,"In the long term, the US broiler market may face challenges from competition with Brazil and other countries, which could impact prices and demand. Note: There is limited information available about the United States broiler market in the provided search results. The insights and predictions are based on the available information and may not be comprehensive.Here is the summarized information:;In the next 1-4 weeks, broiler prices may continue to rise due to higher export demand."
1/5/2020,68.275792,204.4970482,136.2212562,1/5/2020,The National Purchase Diary (NPD) group reported growth in chicken wing consumption and branding over the years.,"As the lockdown is lifted and consumer behavior returns to normal, the broiler chicken market is likely to stabilize, with demand and prices returning to pre-pandemic levels. Here is the summarized information:;In the short-term, broiler chicken prices may continue to fluctuate due to the ongoing lockdown and changes in consumer demand."
1/6/2020,68.676376,207.8826785,139.2063025,1/6/2020,"The USDA has been investigating potential price manipulation in the beef market, particularly due to the coronavirus pandemic.","In the long-term, the broiler market may recover as the pandemic subsides, but it may also lead to changes in consumer behavior and demand, potentially affecting the market. Note: There is limited information directly related to the United States broiler market in the provided search results. The predictions and insights are based on indirect information and the expert's analysis.Here is the summarized information:;In the short-term, prices of broilers may fluctuate due to the ongoing pandemic and potential price manipulation, leading to uncertainty in the market."
1/7/2020,67.097024,203.2447495,136.1477255,1/7/2020,The United States has a greater demand for lamb and mutton meat.,"In the long-term, the demand for poultry may increase, driven by the growing demand for protein and the development of the agricultural market in the United States. Here is the summarized information:;In the short-term, the demand for poultry is likely to remain steady, influenced by the current market conditions and consumer behavior."
1/8/2020,65.882336,201.0470542,135.1647182,1/8/2020,The demand for U.S. chicken paws is strong.,"In the long-term, the United States broiler market may experience changes in demand patterns and prices due to factors such as market manipulation, global demand, and trade regulations. Here is the summarized output:;In the short-term, broiler prices may remain stable or increase due to strong demand and potential supply constraints."
1/9/2020,62.607936,200.1160562,137.5081202,1/9/2020,"The United States broiler meat prices are lower compared to other countries, which affects import decisions.","In the long-term future, the United States broiler market may recover as the pandemic subsides and demand increases, leading to higher prices. Note: There is limited information available in the search results to make more specific predictions about the United States broiler market.Here is the report on United States Retail Broiler or Retail Chicken:;In the short-term future, broiler prices may continue to weaken due to the current market conditions and demand."
1/10/2020,63.176216,199.8533316,136.6771156,1/10/2020,"The United States broiler market has faced challenging production and market conditions in recent years, including demand decline and price drops.","In the long term, the market may see some recovery as the pandemic subsides, but the concentration of the industry in a few large corporations may continue to affect prices and market efficiency. Here is the summarized information:;In the short term, prices may continue to decline due to decreased demand and increased imports from countries like Russia."
1/11/2020,66.30412,201.6869425,135.3828225,1/11/2020,"The USDA reported that whole broiler/fryer prices are mostly steady for all sizes, with light to moderate offerings.","As there is no indication of any disruptions or changes in the market, it is predicted that the US broiler market will continue to be stable in the long term, with prices remaining steady or experiencing only minor fluctuations. Note: There is limited relevant information in the search results, which is why some parts may seem brief or lacking in detail.Here is the summarized information:;It is likely that the prices will remain steady in the short term, with no significant fluctuations expected in the next 1-4 weeks."
1/12/2020,67.235296,200.6935342,133.4582382,1/12/2020,"The US poultry market has been affected by price competitive imports from the EU, GCC, and Asian countries, leading to a loss of market share.","In the long-term, the US broiler market may need to adapt to changing consumer demands, such as increased transparency and traceability, to remain competitive and regain market share. Here is the summarized information:;In the short-term, the US broiler market may continue to face challenges due to the ongoing pandemic and competitive imports, leading to potential price fluctuations and market volatility."
1/1/2021,68.376432,202.846957,134.470525,1/1/2021,The National Composite Weighted Average broiler prices are used in the USDA's Coronavirus Food Assistance Program (CFAP-2) to determine broiler prices.,"In the long-term future (next few months), broiler prices may stabilize as the pandemic's impact on the market subsides and demand and supply return to normal levels. Here is the summarized information:;In the short-term future (next 1-4 weeks), broiler prices may continue to be volatile due to the ongoing pandemic and its impact on demand and supply."
1/2/2021,72.59148,199.012017,126.420537,1/2/2021,"The U.S. market expects feed cost inflation in 2021 of 27%, the largest year-over-year increase.","In the long term, the broiler market may see adjustments in supply and demand as producers adapt to higher feed costs, potentially leading to changes in production levels and prices. Note: There is limited information directly related to the United States broiler market in the provided search results. The insights and predictions are based on indirect information and the analyst's expertise.Here is the summarized information:;In the next 1-4 weeks, broiler prices may increase due to the expected feed cost inflation, leading to higher production costs for producers."
1/3/2021,76.898664,200.6453879,123.7467239,1/3/2021,"The United States is one of the top chicken exporting countries, along with Thailand and the European Union.","In the long term, the market may experience increased competition and potentially lower prices as a result of increased scrutiny and regulatory action. Note: There is limited information available in the provided search results that directly relates to predicting the United States broiler market. The above report is based on the available information and may not provide a comprehensive picture of the market.Here is the summarized information:;In the short term, prices may remain high due to continued demand and potential supply chain disruptions."
1/4/2021,87.509496,201.8746464,114.3651504,1/4/2021,"The United States broiler market is part of the larger poultry industry, which includes chicken and egg production.",
1/5/2021,94.735936,204.1124161,109.3764801,1/5/2021,"The United States is a significant producer and consumer of pork, with pork being the second-most consumed meat in the world.",
1/6/2021,93.055992,205.6426559,112.5866639,1/6/2021,"The United States broiler market is not directly mentioned in the search results. However, the tight hog supplies in the cash market and high prices paid in the open market may indicate a potential impact on the broiler market.",
1/7/2021,90.66208,208.1783258,117.5162458,1/7/2021,"The United States broiler market is indirectly affected by the Canadian commercial poultry and egg industry, which was affected by highly pathogenic avian influenza in 2022.","The increasing demand for antibiotic-free poultry may lead to changes in the broiler market, potentially affecting prices and production in the long term. Here is the summarized information:;NA"
1/8/2021,90.166056,214.8683214,124.7022654,1/8/2021,U.S. exports of chicken paws to China have grown dramatically since the United States regained market access for poultry products after the signing of the agreement.,"In the long-term, the U.S. broiler market may face challenges in terms of disease outbreaks, such as Salmonella, which could impact production and exports. Here is the report on United States Retail Broiler or Retail Chicken:;In the short-term, the U.S. broiler market may continue to benefit from the growing demand for chicken paws in China, leading to increased exports and potentially higher prices."
1/9/2021,89.663232,216.1219218,126.4586898,1/9/2021,The United States broiler production figures are relevant to understanding the market situation.,"In the long term, the market is likely to be driven by consumer preferences, income, and demand for alternative protein sources, which may lead to a continuation of current trends. Here is the filtered and summarized information:;In the short term, the broiler market may experience fluctuations in prices due to changes in exports and domestic supply."
1/10/2021,86.595696,217.3604244,130.7647284,1/10/2021,The United States broiler market is expected to grow 2 percent in 2022 as the economy reopens and food service demand rebounds.,"In the long-term, the market is expected to continue growing, driven by consumer demand for antibiotic-free products and the rebound of the economy. Note: There is limited information available in the search results to make specific predictions about the United States broiler market.Here is the summarized information:;In the short-term, prices of chicken products may increase due to growing demand and the rebound of food service demand."
1/11/2021,85.172352,221.0370337,135.8646817,1/11/2021,The United States poultry industry processed over 9.22 billion broilers in 2020.,"The broiler market is likely to continue to be influenced by market demand and prices, with potential growth in the industry. Here is the filtered and summarized information about United States Retail Broiler or Retail Chicken:;No specific short-term predictions can be made based on the available information. NA"
1/12/2021,88.882456,221.5509621,132.6685061,1/12/2021,"The United States had declared COVID-19 a national emergency in 2020, which affected the food service and grocery retail demand.","In the long term, investments in supply chain strengthening and digitization may help the broiler market recover and become more resilient, potentially leading to increased production and more stable prices. Here is the summary of the useful information:;In the short term, the broiler market may continue to face challenges due to ongoing supply chain issues and labor shortages, potentially leading to higher prices and reduced production."
1/1/2022,90.918192,221.6667261,130.7485341,1/1/2022,"The demand for chicken is strong both domestically and from the export market, with much of the world still dealing with the COVID-19 pandemic.","In the next few months, I predict that the broiler market will continue to be driven by strong demand, both domestically and internationally, leading to a stable or growing market. Note: There is limited information available specifically about the United States broiler market, but the information provided suggests that the market is currently strong and driven by demand.Here is the summarized information about United States Retail Broiler or Retail Chicken:;In the next 1-4 weeks, I predict that the demand for chicken will continue to be strong, leading to stable or increasing prices."
1/2/2022,91.449792,226.9524586,135.5026666,1/2/2022,"The United States dominates China's chicken paw import market with its unique ""jumbo"" paw.","In the long term, the US broiler market is expected to continue growing, driven by increasing global demand and the country's dominant position in the market. Note: There is limited information available on the US broiler market in the provided search results, so some parts may not have any information.Here is the summarized report:;In the short term, broiler prices are likely to remain high due to strong demand and supply chain issues."
1/3/2022,100.798536,231.6570301,130.8584941,1/3/2022,"The United States broiler market is expected to have larger supplies, but higher domestic prices may dampen demand in price-sensitive markets such as Mexico and China.","In the long term, the US broiler market may be influenced by international trade agreements and policies, which could impact demand and prices. Additionally, changes in global demand and prices for other commodities, such as sunflower oil, may also affect the broiler market. Here are the filtered results, summarized into 5 parts:;In the short term, it is likely that domestic prices will continue to impact demand in price-sensitive markets, leading to a potential decrease in exports to these markets."
1/4/2022,113.090808,239.3037425,126.2129345,1/4/2022,"The demand for poultry products, including broilers, appears to be strong in the market, with prices influenced by demand, input costs, and other factors.","In the long term, the broiler market is likely to recover from the avian flu outbreak, but the industry may need to adapt to new biosecurity measures to prevent future outbreaks. Here is the summarized information:;In the short term, prices of broiler products are likely to increase due to the supply disruption caused by the avian flu outbreak."
1/5/2022,125.75624,242.1869019,116.4306619,1/5/2022,"The United States broiler production and value summary for 2021 is available, including hatching and market data, with both national and state-specific reports available via a free e-subscription.","In the long-term, the broiler market may need to adapt to changing consumer preferences and increasing competition from plant-based meat substitutes, potentially leading to changes in production and pricing strategies. Here is the summary of the useful information:;In the short-term, broiler market prices may fluctuate based on consumer demand and competition from alternative meat products."
1/6/2022,128.949176,245.4417072,116.4925312,1/6/2022,"The Biden-Harris Administration has announced new actions to promote fair and competitive agricultural markets, prevent abuse of farmers by poultry processors, and make prices fairer for farmers and American consumers.","In the long term, the U.S. broiler market is likely to continue to be shaped by the administration's efforts to promote fair competition and prevent abuse of farmers, potentially leading to a more equitable and sustainable market structure. Here is the summarized output:;In the short term, the U.S. broiler market may experience some volatility as the administration's new actions take effect, potentially leading to changes in prices and market share."
1/7/2022,123.096,245.3198821,122.2238821,1/7/2022,"The operating company Defendants (CMS, JBS USA, Swift/Packerland, National Beef, and Tyson Fresh) sold broilers in the US market in 2018.",The growth in demand for chicken meat in other countries could lead to increased competition for US broiler producers in the long term. Here is the filtered and summarized information about United States Retail Broiler or Retail Chicken:;NA (no information available to make short-term predictions)
1/8/2022,114.090768,254.1669558,140.0761878,1/8/2022,"The United States broiler market is connected to the global market, with the U.S. Meat Export Federation partnering with the United Soybean Board to promote U.S.-grown soybeans.",
1/9/2022,111.981566,254.1739333,142.1923673,1/9/2022,"The United States exports pork products to Vietnam, and there is a growing demand for U.S. pork products in Vietnam.","The growing demand for U.S. pork products in Vietnam and China may lead to increased competition for the broiler market, potentially affecting broiler prices and market share. Here is the summarized information:;NA"
1/10/2022,103.897944,253.5198711,149.6219271,1/10/2022,"The United States broiler market is affected by various factors, including consumer demand, prices, and supply chain responses.","In the long term, the broiler market is likely to be shaped by factors such as sustainability and environmental concerns, as well as government policies and programs aimed at promoting agricultural development and trade. Note: The provided search results do not contain specific data or trends on the United States broiler market, so the analysis is more general and based on the context of the search results.Here is the summarized information:;In the short term, the broiler market is likely to be influenced by consumer demand and prices, with potential fluctuations in response to changes in market conditions."
1/11/2022,89.6160752,252.1040749,162.4879997,1/11/2022,The US broiler market has seen prices soften recently due to increased domestic consumption and competitive domestic prices.,"In the long term, the US broiler market may be influenced by factors such as agricultural productivity growth, feed costs, and international market demand, which can impact prices and output growth. Here is the summarized information:;In the short term, prices in the US broiler market are likely to remain soft due to increased domestic consumption and competitive domestic prices."
1/12/2022,84.32966,247.0271113,162.6974513,1/12/2022,"The poultry meat market share in Ghana was affected by the Bank of Ghana's policy restricting poultry imports, with the U.S. being a major supplier.","In the long term, the U.S. broiler market may see changes in the industry structure and market dynamics due to policy changes and shifts in consumer demand for animal products. Here is the filtered and summarized information:;In the short term, prices for broiler products are likely to remain high or increase due to the shortage of turkeys and high demand."
1/1/2023,83.838316,242.33412,158.495804,1/1/2023,"Poultry meat production in the United States increased in 2022 despite pressure from the spread of HPAI, driven by strong internal demand and continued trade.","In the long term, the broiler market is expected to continue to grow, driven by increasing demand for processed chicken and poultry products, but may also face ongoing challenges from disease outbreaks and market fluctuations. Here is the summarized information:;In the short term, the broiler market is likely to continue to face uncertainty and potential volatility due to ongoing disease outbreaks and market conditions."
1/2/2023,88.472318,241.6664624,153.1941444,1/2/2023,"The U.S. poultry industry provides 2,012,269 jobs and $125.6 billion in wages.","As supply continues to rebound, prices may stabilize or decrease, leading to increased demand and sales growth in the long term. Note: There is limited information specifically about the broiler market, and most of the results are related to the broader poultry industry or other agricultural markets. As a result, some parts may be marked as ""NA"" or have limited information.Here is the summarized information:;Prices may continue to remain high in the short term, potentially affecting demand and sales growth."
1/3/2023,93.8711888,241.5461297,147.6749409,1/3/2023,"The National Composite wholesale broiler price is forecast to average $1.27 per pound in 2023, ten percent lower than the previous year.","In the long term, the US broiler market may experience a shift in demand towards more competitive prices, leading to a potential increase in exports to price-sensitive markets. Here is the summarized information:;In the next 1-4 weeks, broiler prices may continue to decline or stabilize at a lower level due to the forecasted surplus in supply."
1/4/2023,97.21999,246.1353337,148.9153437,1/4/2023,"The United States broiler market has seen an increase in demand from the animal feed industry, driven by the growth of the poultry sector.","In the long-term, the United States broiler market is likely to continue to grow, driven by increasing demand for protein and a shift towards more sustainable and organic production methods, leading to increased prices and revenue for broiler producers. Note: There is limited information available specifically about the United States broiler market in the provided search results, so some parts may be incomplete or marked as ""NA"".Here is the summarized information about United States Retail Broiler or Retail Chicken:;In the short-term, prices for broilers are likely to remain stable or increase slightly, driven by strong demand from the animal feed industry and limited supply."
1/5/2023,96.7402816,245.3861331,148.6458515,1/5/2023,"The United States broiler market produced a total of broilers in 2022, with strong market prices driving the industry's growth.","In the long-term, the broiler market may see changes in production practices, driven by consumer preferences for sustainable and locally sourced products, as well as the impact of animal welfare policies on market access. Here is the summarized information:;In the short-term, the market is likely to be driven by strong demand and prices, with potential disruptions from global events, such as the Ukrainian wheat initiative."
1/6/2023,94.759304,250.3945359,155.6352319,1/6/2023,The U.S. poultry production and exports are affected by bird flu vaccination for turkeys.,"In the long-term, the U.S. broiler market may shift towards more sustainable and alternative protein sources due to growing consumer concerns about sustainability.;In the short-term, meat prices may continue to rise due to ongoing food price inflation and supply chain disruptions."
1/7/2023,91.615102,250.1493951,158.5342931,1/7/2023,"The United States Department of Agriculture (USDA) Food Safety Inspection Service (FSIS) approved the sale of cell-cultured chicken on June 21, 2023.","In the long-term, the broiler market may experience a shift towards more sustainable and alternative protein sources, driven by consumer demand and environmental concerns. Here is the summarized information about United States Retail Broiler or Retail Chicken:;In the short-term, prices of conventional broiler meat may remain steady or slightly decrease due to the introduction of cell-cultured chicken."
1/8/2023,92.8447648,252.587533,159.7427682,1/8/2023,"The United States farms spent an average of $32,540 on feed, $22,458 on farm services, $21,161 on livestock, poultry, and related expenses, and $18,366 on labor in 2021.","As demand for broilers increases as an alternative to scarcer beef and pork, the broiler market may see growth over the next few months. Here is the summarized information:;In the short-term, the broiler market may see continued pressure on producer margins due to rising feed costs and limited labor."
1/9/2023,96.0405,246.1622841,150.1217841,1/9/2023,The United States is one of the main exporters of chicken paws to China.,
1/10/2023,93.897508,247.63957,153.742062,1/10/2023,"The United States broiler chicken market is a national market, and prices and output are affected by market players' actions.","In the long term, the broiler market is likely to be influenced by factors such as consumer economic health, demand, and prices of other commodities, which may lead to fluctuations in prices and output. Here is the summarized information:;In the short term, prices of broiler chicken may remain stable or increase due to competitive prices compared to local production and higher demand."
1/11/2023,92.3662032,243.6919396,151.3257364,1/11/2023,The annual broiler per-capita consumption is reported in the Today's Beef Consumer Fall 2023 Update.,"The demand for broilers might remain resilient, similar to the US meat demand, as outlined in the Agricultural Projections Going into 2024 report. Here is the summarized information relevant to predicting United States Retail Broiler or Retail Chicken:;No specific predictions can be made for the short-term future based on the provided information. NA"
1/12/2023,94.600368,244.2354469,149.6350789,1/12/2023,The United States is the second-leading pork producer in the world.,"In the long-term, the U.S. broiler market may need to adapt to changes in consumer habits and preferences, potentially leading to shifts in demand and prices. Note: There is limited information directly related to the U.S. broiler market in the provided search results. The analysis and predictions are based on indirect information and trends in the pork and protein markets.Here is the summarized information:;In the short-term, broiler prices may be pressured by the current uncertainty in the market and weakening demand for pork."
1/1/2024,,242.350564,,1/1/2024,"The United States is one of the largest poultry producers in the world, with per capita meat consumption being high.","In the long term, the United States broiler market may see growth driven by increasing demand and exports, as well as potential trade agreements with other countries. Note: There is limited information directly related to the United States broiler market in the provided search results. The insights and predictions are based on indirect information and expert analysis.Here is the summarized information:;In the short term, poultry prices may remain steady due to stable demand and supply."
1/2/2024,,237.4149611,,1/2/2024,"The United States imports and exports poultry products, with Romania importing $211 million of U.S. food and agricultural products in 2023, up nearly 11% .","In the long-term future (next few months), the United States broiler market may be affected by factors such as farm policies, corn demand, and trade agreements with countries like Mexico and El Salvador .Here is the summarized information:;In the short-term future (next 1-4 weeks), prices for poultry products may fluctuate based on consumer demand and market power in the meatpacking industry ."
1/3/2024,,243.2679575,,1/3/2024,"The U.S. agricultural market is experiencing a strong demand for exports, with a focus on diversifying opportunities in the global marketplace.",
1/4/2024,,241.0766196,,1/4/2024,The United States broiler meat export markets are affected by pricing-to-market and exchange rate pass-through.,"In the long-term, the United States broiler market may see increased exports to Latin America, particularly Mexico, driven by strong beef prices and growing demand for pork. Here is the summarized information:;In the short-term, prices of broiler meat may remain steady or increase slightly due to continued demand and limited supply."
